CCS mean	DT mean	RT mean	CCS RSD	ExactMW	Name	Ion type	Enzymatic group	Molecular Group	LipidMaps ID	SMILES	formula	InChI
181.8933333	23.00233333	9.991261904	0.151195839	338.2457096	11(12)-DHET	M-H;1-	CYP	DHET	LM:LMFA03050008	CCCCCC=CCC(O)C(O)CC=CCC=CCCCC(O)=O	C20H34O4	InChI=1S/C20H34O4/c1-2-3-4-5-9-12-15-18(21)19(22)16-13-10-7-6-8-11-14-17-20(23)24/h6,8-10,12-13,18-19,21-22H,2-5,7,11,14-17H2,1H3,(H,23,24)
200.5266667	25.52266667	9.991261904	0.249659031	338.2457096	11(12)-DHET	M-H+CH3COONa;1-	CYP	DHET	LM:LMFA03050008	CCCCCC=CCC(O)C(O)CC=CCC=CCCCC(O)=O	C20H34O4	InChI=1S/C20H34O4/c1-2-3-4-5-9-12-15-18(21)19(22)16-13-10-7-6-8-11-14-17-20(23)24/h6,8-10,12-13,18-19,21-22H,2-5,7,11,14-17H2,1H3,(H,23,24)
215.88	27.429	9.991261904	0.596134122	338.2457096	11(12)-DHET	M-H+CH3COONa;1-	CYP	DHET	LM:LMFA03050008	CCCCCC=CCC(O)C(O)CC=CCC=CCCCC(O)=O	C20H34O4	InChI=1S/C20H34O4/c1-2-3-4-5-9-12-15-18(21)19(22)16-13-10-7-6-8-11-14-17-20(23)24/h6,8-10,12-13,18-19,21-22H,2-5,7,11,14-17H2,1H3,(H,23,24)
221.58	27.935	9.991261904	0.185089779	338.2457096	11(12)-DHET	M-H;1-	CYP	DHET	LM:LMFA03050008	CCCCCC=CCC(O)C(O)CC=CCC=CCCCC(O)=O	C20H34O4	InChI=1S/C20H34O4/c1-2-3-4-5-9-12-15-18(21)19(22)16-13-10-7-6-8-11-14-17-20(23)24/h6,8-10,12-13,18-19,21-22H,2-5,7,11,14-17H2,1H3,(H,23,24)
260.45	33.427	9.991261904	0.070588506	338.2457096	11(12)-DHET	2M-H;1-	CYP	DHET	LM:LMFA03050008	CCCCCC=CCC(O)C(O)CC=CCC=CCCCC(O)=O	C20H34O4	InChI=1S/C20H34O4/c1-2-3-4-5-9-12-15-18(21)19(22)16-13-10-7-6-8-11-14-17-20(23)24/h6,8-10,12-13,18-19,21-22H,2-5,7,11,14-17H2,1H3,(H,23,24)
262.225	33.674	9.991261904	0.15909734	338.2457096	11(12)-DHET	2M-2H+Na;1-	CYP	DHET	LM:LMFA03050008	CCCCCC=CCC(O)C(O)CC=CCC=CCCCC(O)=O	C20H34O4	InChI=1S/C20H34O4/c1-2-3-4-5-9-12-15-18(21)19(22)16-13-10-7-6-8-11-14-17-20(23)24/h6,8-10,12-13,18-19,21-22H,2-5,7,11,14-17H2,1H3,(H,23,24)
264.09	33.239	9.991261904	0.149941231	338.2457096	11(12)-DHET	M-H;1-	CYP	DHET	LM:LMFA03050008	CCCCCC=CCC(O)C(O)CC=CCC=CCCCC(O)=O	C20H34O4	InChI=1S/C20H34O4/c1-2-3-4-5-9-12-15-18(21)19(22)16-13-10-7-6-8-11-14-17-20(23)24/h6,8-10,12-13,18-19,21-22H,2-5,7,11,14-17H2,1H3,(H,23,24)
179.7475	22.67575	13.37908333	0.088125561	320.2351449	11(12)-EET	M-H;1-	CYP	EET	LM:LMFA03090010	CCCCCC=CCC1OC1CC=CCC=CCCCC(O)=O	C20H32O3	InChI=1S/C20H32O3/c1-2-3-4-5-9-12-15-18-19(23-18)16-13-10-7-6-8-11-14-17-20(21)22/h6,8-10,12-13,18-19H,2-5,7,11,14-17H2,1H3,(H,21,22)
192.1	24.20966667	13.37908333	0.804904321	320.2351449	11(12)-EET	M-H;1-	CYP	EET	LM:LMFA03090010	CCCCCC=CCC1OC1CC=CCC=CCCCC(O)=O	C20H32O3	InChI=1S/C20H32O3/c1-2-3-4-5-9-12-15-18-19(23-18)16-13-10-7-6-8-11-14-17-20(21)22/h6,8-10,12-13,18-19H,2-5,7,11,14-17H2,1H3,(H,21,22)
197.46	25.07925	13.37908333	0.1137688	320.2351449	11(12)-EET	M-H+CH3COONa;1-	CYP	EET	LM:LMFA03090010	CCCCCC=CCC1OC1CC=CCC=CCCCC(O)=O	C20H32O3	InChI=1S/C20H32O3/c1-2-3-4-5-9-12-15-18-19(23-18)16-13-10-7-6-8-11-14-17-20(21)22/h6,8-10,12-13,18-19H,2-5,7,11,14-17H2,1H3,(H,21,22)
210.605	26.7245	13.37908333	0.244475975	320.2351449	11(12)-EET	M-H+CH3COONa;1-	CYP	EET	LM:LMFA03090010	CCCCCC=CCC1OC1CC=CCC=CCCCC(O)=O	C20H32O3	InChI=1S/C20H32O3/c1-2-3-4-5-9-12-15-18-19(23-18)16-13-10-7-6-8-11-14-17-20(21)22/h6,8-10,12-13,18-19H,2-5,7,11,14-17H2,1H3,(H,21,22)
217.1033333	27.313	13.37908333	0.348068113	320.2351449	11(12)-EET	M-H;1-	CYP	EET	LM:LMFA03090010	CCCCCC=CCC1OC1CC=CCC=CCCCC(O)=O	C20H32O3	InChI=1S/C20H32O3/c1-2-3-4-5-9-12-15-18-19(23-18)16-13-10-7-6-8-11-14-17-20(21)22/h6,8-10,12-13,18-19H,2-5,7,11,14-17H2,1H3,(H,21,22)
257.485	32.3265	13.37908333	0.205372616	320.2351449	11(12)-EET	M-H;1-	CYP	EET	LM:LMFA03090010	CCCCCC=CCC1OC1CC=CCC=CCCCC(O)=O	C20H32O3	InChI=1S/C20H32O3/c1-2-3-4-5-9-12-15-18-19(23-18)16-13-10-7-6-8-11-14-17-20(21)22/h6,8-10,12-13,18-19H,2-5,7,11,14-17H2,1H3,(H,21,22)
257.9225	33.07025	13.37908333	0.176778446	320.2351449	11(12)-EET	2M-2H+Na;1-	CYP	EET	LM:LMFA03090010	CCCCCC=CCC1OC1CC=CCC=CCCCC(O)=O	C20H32O3	InChI=1S/C20H32O3/c1-2-3-4-5-9-12-15-18-19(23-18)16-13-10-7-6-8-11-14-17-20(21)22/h6,8-10,12-13,18-19H,2-5,7,11,14-17H2,1H3,(H,21,22)
181.055	22.96	12.07433333	0.050771247	320.2351449	11-HETE	M-H;1-	LOX	HETE	LM:LMFA03060003	CCCCCC=CC=CC(O)CC=CCC=CCCCC(O)=O	C20H32O3	InChI=1S/C20H32O3/c1-2-3-4-5-7-10-13-16-19(21)17-14-11-8-6-9-12-15-18-20(22)23/h6-7,9-11,13-14,16,19,21H,2-5,8,12,15,17-18H2,1H3,(H,22,23)
197.305	25.149	12.07433333	0.032254434	320.2351449	11-HETE	M-H+CH3COONa;1-	LOX	HETE	LM:LMFA03060003	CCCCCC=CC=CC(O)CC=CCC=CCCCC(O)=O	C20H32O3	InChI=1S/C20H32O3/c1-2-3-4-5-7-10-13-16-19(21)17-14-11-8-6-9-12-15-18-20(22)23/h6-7,9-11,13-14,16,19,21H,2-5,8,12,15,17-18H2,1H3,(H,22,23)
257.5166667	33.15	12.07433333	0.029658764	320.2351449	11-HETE	2M-H;1-	LOX	HETE	LM:LMFA03060003	CCCCCC=CC=CC(O)CC=CCC=CCCCC(O)=O	C20H32O3	InChI=1S/C20H32O3/c1-2-3-4-5-7-10-13-16-19(21)17-14-11-8-6-9-12-15-18-20(22)23/h6-7,9-11,13-14,16,19,21H,2-5,8,12,15,17-18H2,1H3,(H,22,23)
258.5566667	33.305	12.07433333	0.029539467	320.2351449	11-HETE	2M-2H+Na;1-	LOX	HETE	LM:LMFA03060003	CCCCCC=CC=CC(O)CC=CCC=CCCCC(O)=O	C20H32O3	InChI=1S/C20H32O3/c1-2-3-4-5-7-10-13-16-19(21)17-14-11-8-6-9-12-15-18-20(22)23/h6-7,9-11,13-14,16,19,21H,2-5,8,12,15,17-18H2,1H3,(H,22,23)
260.8766667	32.9	12.07433333	0.03121984	320.2351449	11-HETE	M-H;1-	LOX	HETE	LM:LMFA03060003	CCCCCC=CC=CC(O)CC=CCC=CCCCC(O)=O	C20H32O3	InChI=1S/C20H32O3/c1-2-3-4-5-7-10-13-16-19(21)17-14-11-8-6-9-12-15-18-20(22)23/h6-7,9-11,13-14,16,19,21H,2-5,8,12,15,17-18H2,1H3,(H,22,23)
174.2333333	21.927	12.88471429	0.540248768	296.2351449	12(13)-EpOME	M-H;1-	CYP	EpOME	LM:LMFA02000038	CCCCCC1OC1CC=CCCCCCCCC(O)=O	C18H32O3	InChI=1S/C18H32O3/c1-2-3-10-13-16-17(21-16)14-11-8-6-4-5-7-9-12-15-18(19)20/h8,11,16-17H,2-7,9-10,12-15H2,1H3,(H,19,20)
186.755	23.4645	12.88471429	0.480857601	296.2351449	12(13)-EpOME	M-H;1-	CYP	EpOME	LM:LMFA02000038	CCCCCC1OC1CC=CCCCCCCCC(O)=O	C18H32O3	InChI=1S/C18H32O3/c1-2-3-10-13-16-17(21-16)14-11-8-6-4-5-7-9-12-15-18(19)20/h8,11,16-17H,2-7,9-10,12-15H2,1H3,(H,19,20)
192.07	24.374	12.88471429	0.43285489	296.2351449	12(13)-EpOME	M-H+CH3COONa;1-	CYP	EpOME	LM:LMFA02000038	CCCCCC1OC1CC=CCCCCCCCC(O)=O	C18H32O3	InChI=1S/C18H32O3/c1-2-3-10-13-16-17(21-16)14-11-8-6-4-5-7-9-12-15-18(19)20/h8,11,16-17H,2-7,9-10,12-15H2,1H3,(H,19,20)
206.76	26.1915	12.88471429	0.280435075	296.2351449	12(13)-EpOME	M-H+CH3COONa;1-	CYP	EpOME	LM:LMFA02000038	CCCCCC1OC1CC=CCCCCCCCC(O)=O	C18H32O3	InChI=1S/C18H32O3/c1-2-3-10-13-16-17(21-16)14-11-8-6-4-5-7-9-12-15-18(19)20/h8,11,16-17H,2-7,9-10,12-15H2,1H3,(H,19,20)
246.96	30.935	12.88471429	0.011452977	296.2351449	12(13)-EpOME	M-H;1-	CYP	EpOME	LM:LMFA02000038	CCCCCC1OC1CC=CCCCCCCCC(O)=O	C18H32O3	InChI=1S/C18H32O3/c1-2-3-10-13-16-17(21-16)14-11-8-6-4-5-7-9-12-15-18(19)20/h8,11,16-17H,2-7,9-10,12-15H2,1H3,(H,19,20)
249.53	31.975	12.88471429	0.034005055	296.2351449	12(13)-EpOME	2M-2H+Na;1-	CYP	EpOME	LM:LMFA02000038	CCCCCC1OC1CC=CCCCCCCCC(O)=O	C18H32O3	InChI=1S/C18H32O3/c1-2-3-10-13-16-17(21-16)14-11-8-6-4-5-7-9-12-15-18(19)20/h8,11,16-17H,2-7,9-10,12-15H2,1H3,(H,19,20)
258.37	32.351	12.88471429	0.213470329	296.2351449	12(13)-EpOME	M-H;1-	CYP	EpOME	LM:LMFA02000038	CCCCCC1OC1CC=CCCCCCCCC(O)=O	C18H32O3	InChI=1S/C18H32O3/c1-2-3-10-13-16-17(21-16)14-11-8-6-4-5-7-9-12-15-18(19)20/h8,11,16-17H,2-7,9-10,12-15H2,1H3,(H,19,20)
198.09	25.239	11.223	0.314126896	318.2194948	12-HEPE	M-H+CH3COONa;1-	LOX	HEPE	LM:LMFA03070007	CCC=CCC=CCC(O)C=CC=CCC=CCCCC(O)=O	C20H30O3	InChI=1S/C20H30O3/c1-2-3-4-5-10-13-16-19(21)17-14-11-8-6-7-9-12-15-18-20(22)23/h3-4,7-11,13-14,17,19,21H,2,5-6,12,15-16,18H2,1H3,(H,22,23)
178.86	22.675	12.2503125	0.13183301	320.2351449	12-HETE	M-H;1-	LOX	HETE	LM:LMFA03060007	CCCCCC=CCC(O)C=CC=CCC=CCCCC(O)=O	C20H32O3	InChI=1S/C20H32O3/c1-2-3-4-5-10-13-16-19(21)17-14-11-8-6-7-9-12-15-18-20(22)23/h7-11,13-14,17,19,21H,2-6,12,15-16,18H2,1H3,(H,22,23)
193.65	24.51866667	12.2503125	0.310353301	320.2351449	12-HETE	M-H;1-	LOX	HETE	LM:LMFA03060007	CCCCCC=CCC(O)C=CC=CCC=CCCCC(O)=O	C20H32O3	InChI=1S/C20H32O3/c1-2-3-4-5-10-13-16-19(21)17-14-11-8-6-7-9-12-15-18-20(22)23/h7-11,13-14,17,19,21H,2-6,12,15-16,18H2,1H3,(H,22,23)
198.8833333	25.37766667	12.2503125	0.136253677	320.2351449	12-HETE	M-H+CH3COONa;1-	LOX	HETE	LM:LMFA03060007	CCCCCC=CCC(O)C=CC=CCC=CCCCC(O)=O	C20H32O3	InChI=1S/C20H32O3/c1-2-3-4-5-10-13-16-19(21)17-14-11-8-6-7-9-12-15-18-20(22)23/h7-11,13-14,17,19,21H,2-6,12,15-16,18H2,1H3,(H,22,23)
220.235	27.8515	12.2503125	0.253644678	320.2351449	12-HETE	M-H;1-	LOX	HETE	LM:LMFA03060007	CCCCCC=CCC(O)C=CC=CCC=CCCCC(O)=O	C20H32O3	InChI=1S/C20H32O3/c1-2-3-4-5-10-13-16-19(21)17-14-11-8-6-7-9-12-15-18-20(22)23/h7-11,13-14,17,19,21H,2-6,12,15-16,18H2,1H3,(H,22,23)
241.99	30.5615	12.2503125	0.642850911	320.2351449	12-HETE	M-H;1-	LOX	HETE	LM:LMFA03060007	CCCCCC=CCC(O)C=CC=CCC=CCCCC(O)=O	C20H32O3	InChI=1S/C20H32O3/c1-2-3-4-5-10-13-16-19(21)17-14-11-8-6-7-9-12-15-18-20(22)23/h7-11,13-14,17,19,21H,2-6,12,15-16,18H2,1H3,(H,22,23)
257.45	33.14133333	12.2503125	0.141335447	320.2351449	12-HETE	2M-H;1-	LOX	HETE	LM:LMFA03060007	CCCCCC=CCC(O)C=CC=CCC=CCCCC(O)=O	C20H32O3	InChI=1S/C20H32O3/c1-2-3-4-5-10-13-16-19(21)17-14-11-8-6-7-9-12-15-18-20(22)23/h7-11,13-14,17,19,21H,2-6,12,15-16,18H2,1H3,(H,22,23)
259.7433333	33.45666667	12.2503125	0.119058454	320.2351449	12-HETE	2M-2H+Na;1-	LOX	HETE	LM:LMFA03060007	CCCCCC=CCC(O)C=CC=CCC=CCCCC(O)=O	C20H32O3	InChI=1S/C20H32O3/c1-2-3-4-5-10-13-16-19(21)17-14-11-8-6-7-9-12-15-18-20(22)23/h7-11,13-14,17,19,21H,2-6,12,15-16,18H2,1H3,(H,22,23)
260.9266667	32.906	12.2503125	0.131054126	320.2351449	12-HETE	M-H;1-	LOX	HETE	LM:LMFA03060007	CCCCCC=CCC(O)C=CC=CCC=CCCCC(O)=O	C20H32O3	InChI=1S/C20H32O3/c1-2-3-4-5-10-13-16-19(21)17-14-11-8-6-7-9-12-15-18-20(22)23/h7-11,13-14,17,19,21H,2-6,12,15-16,18H2,1H3,(H,22,23)
182.4433333	23.061	9.157	0.519708594	334.2144094	12-oxo-LTB4	M-H;1-	LOX	LT	LM:LMFA03020024	CCCCCC=CCC(=O)C=CC=CC=CC(O)CCCC(O)=O	C20H30O4	InChI=1S/C20H30O4/c1-2-3-4-5-6-9-13-18(21)14-10-7-8-11-15-19(22)16-12-17-20(23)24/h6-11,14-15,19,22H,2-5,12-13,16-17H2,1H3,(H,23,24)
187.4	23.70666667	11.99875	0.398752224	344.2351449	13-HDoHE	M-H;1-	LOX	HDoHE	LM:LMFA04000029	CCC=CCC=CC=CC(O)CC=CCC=CCC=CCCC(O)=O	C22H32O3	InChI=1S/C22H32O3/c1-2-3-4-5-9-12-15-18-21(23)19-16-13-10-7-6-8-11-14-17-20-22(24)25/h3-4,6-7,9,11-16,18,21,23H,2,5,8,10,17,19-20H2,1H3,(H,24,25)
203.15	25.84	11.99875	0.10442138	344.2351449	13-HDoHE	M-H+CH3COONa;1-	LOX	HDoHE	LM:LMFA04000029	CCC=CCC=CC=CC(O)CC=CCC=CCC=CCCC(O)=O	C22H32O3	InChI=1S/C22H32O3/c1-2-3-4-5-9-12-15-18-21(23)19-16-13-10-7-6-8-11-14-17-20-22(24)25/h3-4,6-7,9,11-16,18,21,23H,2,5,8,10,17,19-20H2,1H3,(H,24,25)
190.0766667	23.897	11.438	0.318165778	296.2351449	13-HODE	M-H;1-	LOX	HODE	LM:LMFA02000035	CCCCCC(O)C=CC=CCCCCCCCC(O)=O	C18H32O3	InChI=1S/C18H32O3/c1-2-3-11-14-17(19)15-12-9-7-5-4-6-8-10-13-16-18(20)21/h7,9,12,15,17,19H,2-6,8,10-11,13-14,16H2,1H3,(H,20,21)
195.3833333	24.78866667	11.438	0.189739838	296.2351449	13-HODE	M-H+CH3COONa;1-	LOX	HODE	LM:LMFA02000035	CCCCCC(O)C=CC=CCCCCCCCC(O)=O	C18H32O3	InChI=1S/C18H32O3/c1-2-3-11-14-17(19)15-12-9-7-5-4-6-8-10-13-16-18(20)21/h7,9,12,15,17,19H,2-6,8,10-11,13-14,16H2,1H3,(H,20,21)
252.22	31.588	11.438	0.050463572	296.2351449	13-HODE	M-H;1-	LOX	HODE	LM:LMFA02000035	CCCCCC(O)C=CC=CCCCCCCCC(O)=O	C18H32O3	InChI=1S/C18H32O3/c1-2-3-11-14-17(19)15-12-9-7-5-4-6-8-10-13-16-18(20)21/h7,9,12,15,17,19H,2-6,8,10-11,13-14,16H2,1H3,(H,20,21)
252.75	32.383	11.438	0.072738977	296.2351449	13-HODE	2M-2H+Na;1-	LOX	HODE	LM:LMFA02000035	CCCCCC(O)C=CC=CCCCCCCCC(O)=O	C18H32O3	InChI=1S/C18H32O3/c1-2-3-11-14-17(19)15-12-9-7-5-4-6-8-10-13-16-18(20)21/h7,9,12,15,17,19H,2-6,8,10-11,13-14,16H2,1H3,(H,20,21)
261.21	32.7035	11.438	0.005414086	296.2351449	13-HODE	M-H;1-	LOX	HODE	LM:LMFA02000035	CCCCCC(O)C=CC=CCCCCCCCC(O)=O	C18H32O3	InChI=1S/C18H32O3/c1-2-3-11-14-17(19)15-12-9-7-5-4-6-8-10-13-16-18(20)21/h7,9,12,15,17,19H,2-6,8,10-11,13-14,16H2,1H3,(H,20,21)
194.5033333	24.71333333	11.89861111	0.494215965	312.2300595	13-HpODE	M-H+CH3COONa;1-	LOX	HpODE	LM:LMFA02000034	CCCCCC(OO)C=CC=CCCCCCCCC(O)=O	C18H32O4	InChI=1S/C18H32O4/c1-2-3-11-14-17(22-21)15-12-9-7-5-4-6-8-10-13-16-18(19)20/h7,9,12,15,17,21H,2-6,8,10-11,13-14,16H2,1H3,(H,19,20)
254.045	32.5825	11.89861111	0.097418715	312.2300595	13-HpODE	2M-2H+Na;1-	LOX	HpODE	LM:LMFA02000034	CCCCCC(OO)C=CC=CCCCCCCCC(O)=O	C18H32O4	InChI=1S/C18H32O4/c1-2-3-11-14-17(22-21)15-12-9-7-5-4-6-8-10-13-16-18(19)20/h7,9,12,15,17,21H,2-6,8,10-11,13-14,16H2,1H3,(H,19,20)
255.405	32.0535	11.89861111	0.246402786	312.2300595	13-HpODE	M-H;1-	LOX	HpODE	LM:LMFA02000034	CCCCCC(OO)C=CC=CCCCCCCCC(O)=O	C18H32O4	InChI=1S/C18H32O4/c1-2-3-11-14-17(22-21)15-12-9-7-5-4-6-8-10-13-16-18(19)20/h7,9,12,15,17,21H,2-6,8,10-11,13-14,16H2,1H3,(H,19,20)
183.12	23.206	11.79441667	0.161720106	320.2351449	15-HETE	M-H;1-	LOX	HETE	LM:LMFA03060001	CCCCCC(O)C=CC=CCC=CCC=CCCCC(O)=O	C20H32O3	InChI=1S/C20H32O3/c1-2-3-13-16-19(21)17-14-11-9-7-5-4-6-8-10-12-15-18-20(22)23/h4-5,8-11,14,17,19,21H,2-3,6-7,12-13,15-16,18H2,1H3,(H,22,23)
198.04	25.0345	11.79441667	1.278247968	320.2351449	15-HETE	M-H;1-	LOX	HETE	LM:LMFA03060001	CCCCCC(O)C=CC=CCC=CCC=CCCCC(O)=O	C20H32O3	InChI=1S/C20H32O3/c1-2-3-13-16-19(21)17-14-11-9-7-5-4-6-8-10-12-15-18-20(22)23/h4-5,8-11,14,17,19,21H,2-3,6-7,12-13,15-16,18H2,1H3,(H,22,23)
199.9766667	25.51566667	11.79441667	0.158947249	320.2351449	15-HETE	M-H+CH3COONa;1-	LOX	HETE	LM:LMFA03060001	CCCCCC(O)C=CC=CCC=CCC=CCCCC(O)=O	C20H32O3	InChI=1S/C20H32O3/c1-2-3-13-16-19(21)17-14-11-9-7-5-4-6-8-10-12-15-18-20(22)23/h4-5,8-11,14,17,19,21H,2-3,6-7,12-13,15-16,18H2,1H3,(H,22,23)
204.9333333	25.92533333	11.79441667	0.136832965	320.2351449	15-HETE	M-H;1-	LOX	HETE	LM:LMFA03060001	CCCCCC(O)C=CC=CCC=CCC=CCCCC(O)=O	C20H32O3	InChI=1S/C20H32O3/c1-2-3-13-16-19(21)17-14-11-9-7-5-4-6-8-10-12-15-18-20(22)23/h4-5,8-11,14,17,19,21H,2-3,6-7,12-13,15-16,18H2,1H3,(H,22,23)
220.4233333	27.85666667	11.79441667	0.338049424	320.2351449	15-HETE	M-H;1-	LOX	HETE	LM:LMFA03060001	CCCCCC(O)C=CC=CCC=CCC=CCCCC(O)=O	C20H32O3	InChI=1S/C20H32O3/c1-2-3-13-16-19(21)17-14-11-9-7-5-4-6-8-10-12-15-18-20(22)23/h4-5,8-11,14,17,19,21H,2-3,6-7,12-13,15-16,18H2,1H3,(H,22,23)
256.5733333	33.03	11.79441667	0.173092656	320.2351449	15-HETE	2M-H;1-	LOX	HETE	LM:LMFA03060001	CCCCCC(O)C=CC=CCC=CCC=CCCCC(O)=O	C20H32O3	InChI=1S/C20H32O3/c1-2-3-13-16-19(21)17-14-11-9-7-5-4-6-8-10-12-15-18-20(22)23/h4-5,8-11,14,17,19,21H,2-3,6-7,12-13,15-16,18H2,1H3,(H,22,23)
260.18	32.81333333	11.79441667	0.177925083	320.2351449	15-HETE	M-H;1-	LOX	HETE	LM:LMFA03060001	CCCCCC(O)C=CC=CCC=CCC=CCCCC(O)=O	C20H32O3	InChI=1S/C20H32O3/c1-2-3-13-16-19(21)17-14-11-9-7-5-4-6-8-10-12-15-18-20(22)23/h4-5,8-11,14,17,19,21H,2-3,6-7,12-13,15-16,18H2,1H3,(H,22,23)
260.65	33.57166667	11.79441667	0.17264531	320.2351449	15-HETE	2M-2H+Na;1-	LOX	HETE	LM:LMFA03060001	CCCCCC(O)C=CC=CCC=CCC=CCCCC(O)=O	C20H32O3	InChI=1S/C20H32O3/c1-2-3-13-16-19(21)17-14-11-9-7-5-4-6-8-10-12-15-18-20(22)23/h4-5,8-11,14,17,19,21H,2-3,6-7,12-13,15-16,18H2,1H3,(H,22,23)
183.8733333	23.206	12.48388889	0.088086223	322.2507949	15-HETrE	M-H;1-	LOX	HETrE	LM:LMFA03050007	CCCCCC(O)C=CC=CCC=CCCCCCCC(O)=O	C20H34O3	InChI=1S/C20H34O3/c1-2-3-13-16-19(21)17-14-11-9-7-5-4-6-8-10-12-15-18-20(22)23/h4-5,9,11,14,17,19,21H,2-3,6-8,10,12-13,15-16,18H2,1H3,(H,22,23)
196.3466667	24.76366667	12.48388889	0.154675105	322.2507949	15-HETrE	M-H;1-	LOX	HETrE	LM:LMFA03050007	CCCCCC(O)C=CC=CCC=CCCCCCCC(O)=O	C20H34O3	InChI=1S/C20H34O3/c1-2-3-13-16-19(21)17-14-11-9-7-5-4-6-8-10-12-15-18-20(22)23/h4-5,9,11,14,17,19,21H,2-3,6-8,10,12-13,15-16,18H2,1H3,(H,22,23)
200.8666667	25.53433333	12.48388889	0.093182178	322.2507949	15-HETrE	M-H+CH3COONa;1-	LOX	HETrE	LM:LMFA03050007	CCCCCC(O)C=CC=CCC=CCCCCCCC(O)=O	C20H34O3	InChI=1S/C20H34O3/c1-2-3-13-16-19(21)17-14-11-9-7-5-4-6-8-10-12-15-18-20(22)23/h4-5,9,11,14,17,19,21H,2-3,6-8,10,12-13,15-16,18H2,1H3,(H,22,23)
222.095	27.9475	12.48388889	0.162373965	322.2507949	15-HETrE	M-H;1-	LOX	HETrE	LM:LMFA03050007	CCCCCC(O)C=CC=CCC=CCCCCCCC(O)=O	C20H34O3	InChI=1S/C20H34O3/c1-2-3-13-16-19(21)17-14-11-9-7-5-4-6-8-10-12-15-18-20(22)23/h4-5,9,11,14,17,19,21H,2-3,6-8,10,12-13,15-16,18H2,1H3,(H,22,23)
262.285	33.6505	12.48388889	0.202196117	322.2507949	15-HETrE	2M-2H+Na;1-	LOX	HETrE	LM:LMFA03050007	CCCCCC(O)C=CC=CCC=CCCCCCCC(O)=O	C20H34O3	InChI=1S/C20H34O3/c1-2-3-13-16-19(21)17-14-11-9-7-5-4-6-8-10-12-15-18-20(22)23/h4-5,9,11,14,17,19,21H,2-3,6-8,10,12-13,15-16,18H2,1H3,(H,22,23)
262.545	32.9835	12.48388889	0.06733196	322.2507949	15-HETrE	M-H;1-	LOX	HETrE	LM:LMFA03050007	CCCCCC(O)C=CC=CCC=CCCCCCCC(O)=O	C20H34O3	InChI=1S/C20H34O3/c1-2-3-13-16-19(21)17-14-11-9-7-5-4-6-8-10-12-15-18-20(22)23/h4-5,9,11,14,17,19,21H,2-3,6-8,10,12-13,15-16,18H2,1H3,(H,22,23)
182.2033333	22.99766667	13.85279167	0.366133909	322.2507949	15-oxo-EDE	M-H;1-	LOX	oxoEDE	LM:LMFA01060073	CCCCCC(=O)C=CC=CCCCCCCCCCC(O)=O	C20H34O3	InChI=1S/C20H34O3/c1-2-3-13-16-19(21)17-14-11-9-7-5-4-6-8-10-12-15-18-20(22)23/h9,11,14,17H,2-8,10,12-13,15-16,18H2,1H3,(H,22,23)
193.58	24.435	13.85279167	0.482168071	322.2507949	15-oxo-EDE	M-H;1-	LOX	oxoEDE	LM:LMFA01060073	CCCCCC(=O)C=CC=CCCCCCCCCCC(O)=O	C20H34O3	InChI=1S/C20H34O3/c1-2-3-13-16-19(21)17-14-11-9-7-5-4-6-8-10-12-15-18-20(22)23/h9,11,14,17H,2-8,10,12-13,15-16,18H2,1H3,(H,22,23)
196.3033333	24.95933333	13.85279167	0.435493322	322.2507949	15-oxo-EDE	M-H+CH3COONa;1-	LOX	oxoEDE	LM:LMFA01060073	CCCCCC(=O)C=CC=CCCCCCCCCCC(O)=O	C20H34O3	InChI=1S/C20H34O3/c1-2-3-13-16-19(21)17-14-11-9-7-5-4-6-8-10-12-15-18-20(22)23/h9,11,14,17H,2-8,10,12-13,15-16,18H2,1H3,(H,22,23)
262.935	33.033	13.85279167	0.309267613	322.2507949	15-oxo-EDE	M-H;1-	LOX	oxoEDE	LM:LMFA01060073	CCCCCC(=O)C=CC=CCCCCCCCCCC(O)=O	C20H34O3	InChI=1S/C20H34O3/c1-2-3-13-16-19(21)17-14-11-9-7-5-4-6-8-10-12-15-18-20(22)23/h9,11,14,17H,2-8,10,12-13,15-16,18H2,1H3,(H,22,23)
180.9866667	22.83466667	12.033	0.089491164	318.2194948	15-oxo-ETE	M-H;1-	LOX	oxoETE	LM:LMFA03060019	CCCCCC=CCC(=O)C=CC=CCC=CCCCC(O)=O	C20H30O3	InChI=1S/C20H30O3/c1-2-3-4-5-10-13-16-19(21)17-14-11-8-6-7-9-12-15-18-20(22)23/h7-11,13-14,17H,2-6,12,15-16,18H2,1H3,(H,22,23)
194.7	24.728	12.033	0.196115902	318.2194948	15-oxo-ETE	M-H+CH3COONa;1-	LOX	oxoETE	LM:LMFA03060019	CCCCCC=CCC(=O)C=CC=CCC=CCCCC(O)=O	C20H30O3	InChI=1S/C20H30O3/c1-2-3-4-5-10-13-16-19(21)17-14-11-8-6-7-9-12-15-18-20(22)23/h7-11,13-14,17H,2-6,12,15-16,18H2,1H3,(H,22,23)
187.4	23.70666667	11.99875	0.398752224	344.2351449	17-HDoHE	M-H;1-	LOX	HDoHE	LM:LMFA04000012	CCC=CCC(O)C=CC=CCC=CCC=CCC=CCCC(O)=O	C22H32O3	InChI=1S/C22H32O3/c1-2-3-15-18-21(23)19-16-13-11-9-7-5-4-6-8-10-12-14-17-20-22(24)25/h3,5-8,11-16,19,21,23H,2,4,9-10,17-18,20H2,1H3,(H,24,25)
203.15	25.84	11.99875	0.10442138	344.2351449	17-HDoHE	M-H+CH3COONa;1-	LOX	HDoHE	LM:LMFA04000012	CCC=CCC(O)C=CC=CCC=CCC=CCC=CCCC(O)=O	C22H32O3	InChI=1S/C22H32O3/c1-2-3-15-18-21(23)19-16-13-11-9-7-5-4-6-8-10-12-14-17-20-22(24)25/h3,5-8,11-16,19,21,23H,2,4,9-10,17-18,20H2,1H3,(H,24,25)
181.7866667	22.989	10.80352381	0.036627153	338.2457096	5,6-DHET	M-H;1-	CYP	DHET	LM:LMFA03050004	CCCCCC=CCC=CCC=CCC(O)C(O)CCCC(O)=O	C20H34O4	InChI=1S/C20H34O4/c1-2-3-4-5-6-7-8-9-10-11-12-13-15-18(21)19(22)16-14-17-20(23)24/h6-7,9-10,12-13,18-19,21-22H,2-5,8,11,14-17H2,1H3,(H,23,24)
201.0266667	25.586	10.80352381	0.098782059	338.2457096	5,6-DHET	M-H+CH3COONa;1-	CYP	DHET	LM:LMFA03050004	CCCCCC=CCC=CCC=CCC(O)C(O)CCCC(O)=O	C20H34O4	InChI=1S/C20H34O4/c1-2-3-4-5-6-7-8-9-10-11-12-13-15-18(21)19(22)16-14-17-20(23)24/h6-7,9-10,12-13,18-19,21-22H,2-5,8,11,14-17H2,1H3,(H,23,24)
215.77	27.415	10.80352381	0.602992296	338.2457096	5,6-DHET	M-H+CH3COONa;1-	CYP	DHET	LM:LMFA03050004	CCCCCC=CCC=CCC=CCC(O)C(O)CCCC(O)=O	C20H34O4	InChI=1S/C20H34O4/c1-2-3-4-5-6-7-8-9-10-11-12-13-15-18(21)19(22)16-14-17-20(23)24/h6-7,9-10,12-13,18-19,21-22H,2-5,8,11,14-17H2,1H3,(H,23,24)
222.04	27.9925	10.80352381	0.019107551	338.2457096	5,6-DHET	M-H;1-	CYP	DHET	LM:LMFA03050004	CCCCCC=CCC=CCC=CCC(O)C(O)CCCC(O)=O	C20H34O4	InChI=1S/C20H34O4/c1-2-3-4-5-6-7-8-9-10-11-12-13-15-18(21)19(22)16-14-17-20(23)24/h6-7,9-10,12-13,18-19,21-22H,2-5,8,11,14-17H2,1H3,(H,23,24)
261.365	33.544	10.80352381	0.018938065	338.2457096	5,6-DHET	2M-H;1-	CYP	DHET	LM:LMFA03050004	CCCCCC=CCC=CCC=CCC(O)C(O)CCCC(O)=O	C20H34O4	InChI=1S/C20H34O4/c1-2-3-4-5-6-7-8-9-10-11-12-13-15-18(21)19(22)16-14-17-20(23)24/h6-7,9-10,12-13,18-19,21-22H,2-5,8,11,14-17H2,1H3,(H,23,24)
264.605	33.3025	10.80352381	0.018706175	338.2457096	5,6-DHET	M-H;1-	CYP	DHET	LM:LMFA03050004	CCCCCC=CCC=CCC=CCC(O)C(O)CCCC(O)=O	C20H34O4	InChI=1S/C20H34O4/c1-2-3-4-5-6-7-8-9-10-11-12-13-15-18(21)19(22)16-14-17-20(23)24/h6-7,9-10,12-13,18-19,21-22H,2-5,8,11,14-17H2,1H3,(H,23,24)
266.455	34.2125	10.80352381	0.045113866	338.2457096	5,6-DHET	2M-2H+Na;1-	CYP	DHET	LM:LMFA03050004	CCCCCC=CCC=CCC=CCC(O)C(O)CCCC(O)=O	C20H34O4	InChI=1S/C20H34O4/c1-2-3-4-5-6-7-8-9-10-11-12-13-15-18(21)19(22)16-14-17-20(23)24/h6-7,9-10,12-13,18-19,21-22H,2-5,8,11,14-17H2,1H3,(H,23,24)
180.95	22.82475	13.64159722	0.165730239	320.2351449	5,6-EET	M-H;1-	CYP	EET	LM:LMFA03080002	CCCCCC=CCC=CCC=CCC1OC1CCCC(O)=O	C20H32O3	InChI=1S/C20H32O3/c1-2-3-4-5-6-7-8-9-10-11-12-13-15-18-19(23-18)16-14-17-20(21)22/h6-7,9-10,12-13,18-19H,2-5,8,11,14-17H2,1H3,(H,21,22)
197.1275	25.03725	13.64159722	0.118851863	320.2351449	5,6-EET	M-H+CH3COONa;1-	CYP	EET	LM:LMFA03080002	CCCCCC=CCC=CCC=CCC1OC1CCCC(O)=O	C20H32O3	InChI=1S/C20H32O3/c1-2-3-4-5-6-7-8-9-10-11-12-13-15-18-19(23-18)16-14-17-20(21)22/h6-7,9-10,12-13,18-19H,2-5,8,11,14-17H2,1H3,(H,21,22)
211.615	26.8515	13.64159722	0.411001744	320.2351449	5,6-EET	M-H+CH3COONa;1-	CYP	EET	LM:LMFA03080002	CCCCCC=CCC=CCC=CCC1OC1CCCC(O)=O	C20H32O3	InChI=1S/C20H32O3/c1-2-3-4-5-6-7-8-9-10-11-12-13-15-18-19(23-18)16-14-17-20(21)22/h6-7,9-10,12-13,18-19H,2-5,8,11,14-17H2,1H3,(H,21,22)
257.1233333	32.28133333	13.64159722	0.187381739	320.2351449	5,6-EET	M-H;1-	CYP	EET	LM:LMFA03080002	CCCCCC=CCC=CCC=CCC1OC1CCCC(O)=O	C20H32O3	InChI=1S/C20H32O3/c1-2-3-4-5-6-7-8-9-10-11-12-13-15-18-19(23-18)16-14-17-20(21)22/h6-7,9-10,12-13,18-19H,2-5,8,11,14-17H2,1H3,(H,21,22)
259.1166667	33.222	13.64159722	0.129864904	320.2351449	5,6-EET	2M-2H+Na;1-	CYP	EET	LM:LMFA03080002	CCCCCC=CCC=CCC=CCC1OC1CCCC(O)=O	C20H32O3	InChI=1S/C20H32O3/c1-2-3-4-5-6-7-8-9-10-11-12-13-15-18-19(23-18)16-14-17-20(21)22/h6-7,9-10,12-13,18-19H,2-5,8,11,14-17H2,1H3,(H,21,22)
261.84	32.867	13.64159722	0.162031801	320.2351449	5,6-EET	M-H;1-	CYP	EET	LM:LMFA03080002	CCCCCC=CCC=CCC=CCC1OC1CCCC(O)=O	C20H32O3	InChI=1S/C20H32O3/c1-2-3-4-5-6-7-8-9-10-11-12-13-15-18-19(23-18)16-14-17-20(21)22/h6-7,9-10,12-13,18-19H,2-5,8,11,14-17H2,1H3,(H,21,22)
182.255	23.1095	12.61010417	0.027158363	320.2351449	5-HETE	M-H;1-	LOX	HETE	LM:LMFA03060002	CCCCCC=CCC=CCC=CC=CC(O)CCCC(O)=O	C20H32O3	InChI=1S/C20H32O3/c1-2-3-4-5-6-7-8-9-10-11-12-13-14-16-19(21)17-15-18-20(22)23/h6-7,9-10,12-14,16,19,21H,2-5,8,11,15,17-18H2,1H3,(H,22,23)
201.6566667	25.72633333	12.61010417	0.114628748	320.2351449	5-HETE	M-H+CH3COONa;1-	LOX	HETE	LM:LMFA03060002	CCCCCC=CCC=CCC=CC=CC(O)CCCC(O)=O	C20H32O3	InChI=1S/C20H32O3/c1-2-3-4-5-6-7-8-9-10-11-12-13-14-16-19(21)17-15-18-20(22)23/h6-7,9-10,12-14,16,19,21H,2-5,8,11,15,17-18H2,1H3,(H,22,23)
202.4	25.60933333	12.61010417	0.504460915	320.2351449	5-HETE	M-H;1-	LOX	HETE	LM:LMFA03060002	CCCCCC=CCC=CCC=CC=CC(O)CCCC(O)=O	C20H32O3	InChI=1S/C20H32O3/c1-2-3-4-5-6-7-8-9-10-11-12-13-14-16-19(21)17-15-18-20(22)23/h6-7,9-10,12-14,16,19,21H,2-5,8,11,15,17-18H2,1H3,(H,22,23)
214.53	27.3585	12.61010417	0.105474372	320.2351449	5-HETE	M-H+CH3COONa;1-	LOX	HETE	LM:LMFA03060002	CCCCCC=CCC=CCC=CC=CC(O)CCCC(O)=O	C20H32O3	InChI=1S/C20H32O3/c1-2-3-4-5-6-7-8-9-10-11-12-13-14-16-19(21)17-15-18-20(22)23/h6-7,9-10,12-14,16,19,21H,2-5,8,11,15,17-18H2,1H3,(H,22,23)
222.0766667	28.063	12.61010417	0.16250179	320.2351449	5-HETE	M-H;1-	LOX	HETE	LM:LMFA03060002	CCCCCC=CCC=CCC=CC=CC(O)CCCC(O)=O	C20H32O3	InChI=1S/C20H32O3/c1-2-3-4-5-6-7-8-9-10-11-12-13-14-16-19(21)17-15-18-20(22)23/h6-7,9-10,12-14,16,19,21H,2-5,8,11,15,17-18H2,1H3,(H,22,23)
257.3733333	33.132	12.61010417	0.18431466	320.2351449	5-HETE	2M-H;1-	LOX	HETE	LM:LMFA03060002	CCCCCC=CCC=CCC=CC=CC(O)CCCC(O)=O	C20H32O3	InChI=1S/C20H32O3/c1-2-3-4-5-6-7-8-9-10-11-12-13-14-16-19(21)17-15-18-20(22)23/h6-7,9-10,12-14,16,19,21H,2-5,8,11,15,17-18H2,1H3,(H,22,23)
260.7466667	32.88366667	12.61010417	0.164970474	320.2351449	5-HETE	M-H;1-	LOX	HETE	LM:LMFA03060002	CCCCCC=CCC=CCC=CC=CC(O)CCCC(O)=O	C20H32O3	InChI=1S/C20H32O3/c1-2-3-4-5-6-7-8-9-10-11-12-13-14-16-19(21)17-15-18-20(22)23/h6-7,9-10,12-14,16,19,21H,2-5,8,11,15,17-18H2,1H3,(H,22,23)
261.36	33.66266667	12.61010417	0.162914515	320.2351449	5-HETE	2M-2H+Na;1-	LOX	HETE	LM:LMFA03060002	CCCCCC=CCC=CCC=CC=CC(O)CCCC(O)=O	C20H32O3	InChI=1S/C20H32O3/c1-2-3-4-5-6-7-8-9-10-11-12-13-14-16-19(21)17-15-18-20(22)23/h6-7,9-10,12-14,16,19,21H,2-5,8,11,15,17-18H2,1H3,(H,22,23)
191.12	24.21866667	2.185083333	0.029132296	370.2355388	6-keto-PGF1-alpha	M-H;1-	COX	PG	LM:LMFA03010001	CCCCCC(O)C=CC1C(O)CC(O)C1CC(=O)CCCCC(O)=O	C20H34O6	InChI=1S/C20H34O6/c1-2-3-4-7-14(21)10-11-16-17(19(24)13-18(16)23)12-15(22)8-5-6-9-20(25)26/h10-11,14,16-19,21,23-24H,2-9,12-13H2,1H3,(H,25,26)
215.235	27.2285	2.185083333	0.055849724	370.2355388	6-keto-PGF1-alpha	M-H;1-	COX	PG	LM:LMFA03010001	CCCCCC(O)C=CC1C(O)CC(O)C1CC(=O)CCCCC(O)=O	C20H34O6	InChI=1S/C20H34O6/c1-2-3-4-7-14(21)10-11-16-17(19(24)13-18(16)23)12-15(22)8-5-6-9-20(25)26/h10-11,14,16-19,21,23-24H,2-9,12-13H2,1H3,(H,25,26)
185.95	23.52566667	12.34416667	0.321634989	344.2351449	7-HDoHE	M-H;1-	LOX	HDoHE	LM:LMFA04000025	CCC=CCC=CCC=CCC=CC=CC(O)CC=CCCC(O)=O	C22H32O3	InChI=1S/C22H32O3/c1-2-3-4-5-6-7-8-9-10-11-12-13-15-18-21(23)19-16-14-17-20-22(24)25/h3-4,6-7,9-10,12-16,18,21,23H,2,5,8,11,17,19-20H2,1H3,(H,24,25)
199.7833333	25.44033333	12.34416667	0.518377502	344.2351449	7-HDoHE	M-H+CH3COONa;1-	LOX	HDoHE	LM:LMFA04000025	CCC=CCC=CCC=CCC=CC=CC(O)CC=CCCC(O)=O	C22H32O3	InChI=1S/C22H32O3/c1-2-3-4-5-6-7-8-9-10-11-12-13-15-18-21(23)19-16-14-17-20-22(24)25/h3-4,6-7,9-10,12-16,18,21,23H,2,5,8,11,17,19-20H2,1H3,(H,24,25)
206.795	26.108	12.34416667	0.044451694	344.2351449	7-HDoHE	M-H;1-	LOX	HDoHE	LM:LMFA04000025	CCC=CCC=CCC=CCC=CC=CC(O)CC=CCCC(O)=O	C22H32O3	InChI=1S/C22H32O3/c1-2-3-4-5-6-7-8-9-10-11-12-13-15-18-21(23)19-16-14-17-20-22(24)25/h3-4,6-7,9-10,12-16,18,21,23H,2,5,8,11,17,19-20H2,1H3,(H,24,25)
266.195	33.524	12.34416667	0.034532535	344.2351449	7-HDoHE	M-H;1-	LOX	HDoHE	LM:LMFA04000025	CCC=CCC=CCC=CCC=CC=CC(O)CC=CCCC(O)=O	C22H32O3	InChI=1S/C22H32O3/c1-2-3-4-5-6-7-8-9-10-11-12-13-15-18-21(23)19-16-14-17-20-22(24)25/h3-4,6-7,9-10,12-16,18,21,23H,2,5,8,11,17,19-20H2,1H3,(H,24,25)
175.825	22.1625	9.235857143	0.108584576	314.2457096	8(9)-DiHOME	M-H;1-	CYP	DiHOME		CCCCCC=CCCC(O)C(O)CCCCCCC(O)=O	C18H34O4	InChI=1S/C18H34O4/c1-2-3-4-5-6-7-10-13-16(19)17(20)14-11-8-9-12-15-18(21)22/h6-7,16-17,19-20H,2-5,8-15H2,1H3,(H,21,22)
189.235	23.831	9.235857143	0.362455982	314.2457096	8(9)-DiHOME	M-H;1-	CYP	DiHOME		CCCCCC=CCCC(O)C(O)CCCCCCC(O)=O	C18H34O4	InChI=1S/C18H34O4/c1-2-3-4-5-6-7-10-13-16(19)17(20)14-11-8-9-12-15-18(21)22/h6-7,16-17,19-20H,2-5,8-15H2,1H3,(H,21,22)
194.2466667	24.685	9.235857143	0.305838929	314.2457096	8(9)-DiHOME	M-H+CH3COONa;1-	CYP	DiHOME		CCCCCC=CCCC(O)C(O)CCCCCCC(O)=O	C18H34O4	InChI=1S/C18H34O4/c1-2-3-4-5-6-7-10-13-16(19)17(20)14-11-8-9-12-15-18(21)22/h6-7,16-17,19-20H,2-5,8-15H2,1H3,(H,21,22)
216.075	27.17	9.235857143	0.232347942	314.2457096	8(9)-DiHOME	M-H;1-	CYP	DiHOME		CCCCCC=CCCC(O)C(O)CCCCCCC(O)=O	C18H34O4	InChI=1S/C18H34O4/c1-2-3-4-5-6-7-10-13-16(19)17(20)14-11-8-9-12-15-18(21)22/h6-7,16-17,19-20H,2-5,8-15H2,1H3,(H,21,22)
251.98	32.34133333	9.235857143	0.333666741	314.2457096	8(9)-DiHOME	2M-H;1-	CYP	DiHOME		CCCCCC=CCCC(O)C(O)CCCCCCC(O)=O	C18H34O4	InChI=1S/C18H34O4/c1-2-3-4-5-6-7-10-13-16(19)17(20)14-11-8-9-12-15-18(21)22/h6-7,16-17,19-20H,2-5,8-15H2,1H3,(H,21,22)
252.7333333	32.46033333	9.235857143	0.176611295	314.2457096	8(9)-DiHOME	2M-2H+Na;1-	CYP	DiHOME		CCCCCC=CCCC(O)C(O)CCCCCCC(O)=O	C18H34O4	InChI=1S/C18H34O4/c1-2-3-4-5-6-7-10-13-16(19)17(20)14-11-8-9-12-15-18(21)22/h6-7,16-17,19-20H,2-5,8-15H2,1H3,(H,21,22)
255.37	32.098	9.235857143	0.260605132	314.2457096	8(9)-DiHOME	M-H;1-	CYP	DiHOME		CCCCCC=CCCC(O)C(O)CCCCCCC(O)=O	C18H34O4	InChI=1S/C18H34O4/c1-2-3-4-5-6-7-10-13-16(19)17(20)14-11-8-9-12-15-18(21)22/h6-7,16-17,19-20H,2-5,8-15H2,1H3,(H,21,22)
179.385	22.6305	13.45518056	0.270143017	320.2351449	8(9)-EET	M-H;1-	CYP	EET	LM:LMFA03080003	CCCCCC=CCC=CCC1OC1CC=CCCCC(O)=O	C20H32O3	InChI=1S/C20H32O3/c1-2-3-4-5-6-7-8-9-12-15-18-19(23-18)16-13-10-11-14-17-20(21)22/h6-7,9-10,12-13,18-19H,2-5,8,11,14-17H2,1H3,(H,21,22)
191.305	24.111	13.45518056	0.60987752	320.2351449	8(9)-EET	M-H;1-	CYP	EET	LM:LMFA03080003	CCCCCC=CCC=CCC1OC1CC=CCCCC(O)=O	C20H32O3	InChI=1S/C20H32O3/c1-2-3-4-5-6-7-8-9-12-15-18-19(23-18)16-13-10-11-14-17-20(21)22/h6-7,9-10,12-13,18-19H,2-5,8,11,14-17H2,1H3,(H,21,22)
196.9	25.00925	13.45518056	0.385737629	320.2351449	8(9)-EET	M-H+CH3COONa;1-	CYP	EET	LM:LMFA03080003	CCCCCC=CCC=CCC1OC1CC=CCCCC(O)=O	C20H32O3	InChI=1S/C20H32O3/c1-2-3-4-5-6-7-8-9-12-15-18-19(23-18)16-13-10-11-14-17-20(21)22/h6-7,9-10,12-13,18-19H,2-5,8,11,14-17H2,1H3,(H,21,22)
211.1866667	26.79733333	13.45518056	0.093071046	320.2351449	8(9)-EET	M-H+CH3COONa;1-	CYP	EET	LM:LMFA03080003	CCCCCC=CCC=CCC1OC1CC=CCCCC(O)=O	C20H32O3	InChI=1S/C20H32O3/c1-2-3-4-5-6-7-8-9-12-15-18-19(23-18)16-13-10-11-14-17-20(21)22/h6-7,9-10,12-13,18-19H,2-5,8,11,14-17H2,1H3,(H,21,22)
257.6733333	32.34966667	13.45518056	0.271365947	320.2351449	8(9)-EET	M-H;1-	CYP	EET	LM:LMFA03080003	CCCCCC=CCC=CCC1OC1CC=CCCCC(O)=O	C20H32O3	InChI=1S/C20H32O3/c1-2-3-4-5-6-7-8-9-12-15-18-19(23-18)16-13-10-11-14-17-20(21)22/h6-7,9-10,12-13,18-19H,2-5,8,11,14-17H2,1H3,(H,21,22)
258.2466667	33.11133333	13.45518056	0.184017573	320.2351449	8(9)-EET	2M-2H+Na;1-	CYP	EET	LM:LMFA03080003	CCCCCC=CCC=CCC1OC1CC=CCCCC(O)=O	C20H32O3	InChI=1S/C20H32O3/c1-2-3-4-5-6-7-8-9-12-15-18-19(23-18)16-13-10-11-14-17-20(21)22/h6-7,9-10,12-13,18-19H,2-5,8,11,14-17H2,1H3,(H,21,22)
182.4066667	23.067	10.32002778	0.055997783	338.2457096	8,9-DHET	M-H;1-	CYP	DHET	LM:LMFA03050006	CCCCCC=CCC=CCC(O)C(O)CC=CCCCC(O)=O	C20H34O4	InChI=1S/C20H34O4/c1-2-3-4-5-6-7-8-9-12-15-18(21)19(22)16-13-10-11-14-17-20(23)24/h6-7,9-10,12-13,18-19,21-22H,2-5,8,11,14-17H2,1H3,(H,23,24)
200.3433333	25.49933333	10.32002778	0.087646655	338.2457096	8,9-DHET	M-H+CH3COONa;1-	CYP	DHET	LM:LMFA03050006	CCCCCC=CCC=CCC(O)C(O)CC=CCCCC(O)=O	C20H34O4	InChI=1S/C20H34O4/c1-2-3-4-5-6-7-8-9-12-15-18(21)19(22)16-13-10-11-14-17-20(23)24/h6-7,9-10,12-13,18-19,21-22H,2-5,8,11,14-17H2,1H3,(H,23,24)
221.535	27.93	10.32002778	0.105331093	338.2457096	8,9-DHET	M-H;1-	CYP	DHET	LM:LMFA03050006	CCCCCC=CCC=CCC(O)C(O)CC=CCCCC(O)=O	C20H34O4	InChI=1S/C20H34O4/c1-2-3-4-5-6-7-8-9-12-15-18(21)19(22)16-13-10-11-14-17-20(23)24/h6-7,9-10,12-13,18-19,21-22H,2-5,8,11,14-17H2,1H3,(H,23,24)
260.66	33.454	10.32002778	0.016276532	338.2457096	8,9-DHET	2M-H;1-	CYP	DHET	LM:LMFA03050006	CCCCCC=CCC=CCC(O)C(O)CC=CCCCC(O)=O	C20H34O4	InChI=1S/C20H34O4/c1-2-3-4-5-6-7-8-9-12-15-18(21)19(22)16-13-10-11-14-17-20(23)24/h6-7,9-10,12-13,18-19,21-22H,2-5,8,11,14-17H2,1H3,(H,23,24)
263.8	33.8745	10.32002778	0.139384203	338.2457096	8,9-DHET	2M-2H+Na;1-	CYP	DHET	LM:LMFA03050006	CCCCCC=CCC=CCC(O)C(O)CC=CCCCC(O)=O	C20H34O4	InChI=1S/C20H34O4/c1-2-3-4-5-6-7-8-9-12-15-18(21)19(22)16-13-10-11-14-17-20(23)24/h6-7,9-10,12-13,18-19,21-22H,2-5,8,11,14-17H2,1H3,(H,23,24)
263.9433333	33.26333333	10.32002778	0.101684805	338.2457096	8,9-DHET	M-H;1-	CYP	DHET	LM:LMFA03050006	CCCCCC=CCC=CCC(O)C(O)CC=CCCCC(O)=O	C20H34O4	InChI=1S/C20H34O4/c1-2-3-4-5-6-7-8-9-12-15-18(21)19(22)16-13-10-11-14-17-20(23)24/h6-7,9-10,12-13,18-19,21-22H,2-5,8,11,14-17H2,1H3,(H,23,24)
181.915	23.001	11.0002	0.159367716	318.2194948	8-HEPE	M-H;1-	LOX	HEPE	LM:LMFA03070002	CCC=CCC=CCC=CC=CC(O)CC=CCCCC(O)=O	C20H30O3	InChI=1S/C20H30O3/c1-2-3-4-5-6-7-8-9-10-13-16-19(21)17-14-11-12-15-18-20(22)23/h3-4,6-7,9-11,13-14,16,19,21H,2,5,8,12,15,17-18H2,1H3,(H,22,23)
203.1533333	25.65066667	11.0002	0.160739473	318.2194948	8-HEPE	M-H;1-	LOX	HEPE	LM:LMFA03070002	CCC=CCC=CCC=CC=CC(O)CC=CCCCC(O)=O	C20H30O3	InChI=1S/C20H30O3/c1-2-3-4-5-6-7-8-9-10-13-16-19(21)17-14-11-12-15-18-20(22)23/h3-4,6-7,9-11,13-14,16,19,21H,2,5,8,12,15,17-18H2,1H3,(H,22,23)
255.0233333	32.78266667	11.0002	0.234301174	318.2194948	8-HEPE	2M-H;1-	LOX	HEPE	LM:LMFA03070002	CCC=CCC=CCC=CC=CC(O)CC=CCCCC(O)=O	C20H30O3	InChI=1S/C20H30O3/c1-2-3-4-5-6-7-8-9-10-13-16-19(21)17-14-11-12-15-18-20(22)23/h3-4,6-7,9-11,13-14,16,19,21H,2,5,8,12,15,17-18H2,1H3,(H,22,23)
256.5333333	32.99833333	11.0002	0.206576314	318.2194948	8-HEPE	2M-2H+Na;1-	LOX	HEPE	LM:LMFA03070002	CCC=CCC=CCC=CC=CC(O)CC=CCCCC(O)=O	C20H30O3	InChI=1S/C20H30O3/c1-2-3-4-5-6-7-8-9-10-13-16-19(21)17-14-11-12-15-18-20(22)23/h3-4,6-7,9-11,13-14,16,19,21H,2,5,8,12,15,17-18H2,1H3,(H,22,23)
257.98	32.4805	11.0002	0.126083076	318.2194948	8-HEPE	M-H;1-	LOX	HEPE	LM:LMFA03070002	CCC=CCC=CCC=CC=CC(O)CC=CCCCC(O)=O	C20H30O3	InChI=1S/C20H30O3/c1-2-3-4-5-6-7-8-9-10-13-16-19(21)17-14-11-12-15-18-20(22)23/h3-4,6-7,9-11,13-14,16,19,21H,2,5,8,12,15,17-18H2,1H3,(H,22,23)
180.665	22.911	12.2757037	0.074364314	320.2351449	8-HETE	M-H;1-	LOX	HETE	LM:LMFA03060006	CCCCCC=CCC=CC=CC(O)CC=CCCCC(O)=O	C20H32O3	InChI=1S/C20H32O3/c1-2-3-4-5-6-7-8-9-10-13-16-19(21)17-14-11-12-15-18-20(22)23/h6-7,9-11,13-14,16,19,21H,2-5,8,12,15,17-18H2,1H3,(H,22,23)
191.6	24.2755	12.2757037	0.118097166	320.2351449	8-HETE	M-H;1-	LOX	HETE	LM:LMFA03060006	CCCCCC=CCC=CC=CC(O)CC=CCCCC(O)=O	C20H32O3	InChI=1S/C20H32O3/c1-2-3-4-5-6-7-8-9-10-13-16-19(21)17-14-11-12-15-18-20(22)23/h6-7,9-11,13-14,16,19,21H,2-5,8,12,15,17-18H2,1H3,(H,22,23)
197.51	25.20533333	12.2757037	0.099730219	320.2351449	8-HETE	M-H+CH3COONa;1-	LOX	HETE	LM:LMFA03060006	CCCCCC=CCC=CC=CC(O)CC=CCCCC(O)=O	C20H32O3	InChI=1S/C20H32O3/c1-2-3-4-5-6-7-8-9-10-13-16-19(21)17-14-11-12-15-18-20(22)23/h6-7,9-11,13-14,16,19,21H,2-5,8,12,15,17-18H2,1H3,(H,22,23)
206.2766667	26.09266667	12.2757037	0.152713941	320.2351449	8-HETE	M-H;1-	LOX	HETE	LM:LMFA03060006	CCCCCC=CCC=CC=CC(O)CC=CCCCC(O)=O	C20H32O3	InChI=1S/C20H32O3/c1-2-3-4-5-6-7-8-9-10-13-16-19(21)17-14-11-12-15-18-20(22)23/h6-7,9-11,13-14,16,19,21H,2-5,8,12,15,17-18H2,1H3,(H,22,23)
219.405	27.748	12.2757037	0.112799332	320.2351449	8-HETE	M-H;1-	LOX	HETE	LM:LMFA03060006	CCCCCC=CCC=CC=CC(O)CC=CCCCC(O)=O	C20H32O3	InChI=1S/C20H32O3/c1-2-3-4-5-6-7-8-9-10-13-16-19(21)17-14-11-12-15-18-20(22)23/h6-7,9-11,13-14,16,19,21H,2-5,8,12,15,17-18H2,1H3,(H,22,23)
244.65	30.896	12.2757037	1.208136663	320.2351449	8-HETE	M-H;1-	LOX	HETE	LM:LMFA03060006	CCCCCC=CCC=CC=CC(O)CC=CCCCC(O)=O	C20H32O3	InChI=1S/C20H32O3/c1-2-3-4-5-6-7-8-9-10-13-16-19(21)17-14-11-12-15-18-20(22)23/h6-7,9-11,13-14,16,19,21H,2-5,8,12,15,17-18H2,1H3,(H,22,23)
256.09	32.96833333	12.2757037	0.228460346	320.2351449	8-HETE	2M-H;1-	LOX	HETE	LM:LMFA03060006	CCCCCC=CCC=CC=CC(O)CC=CCCCC(O)=O	C20H32O3	InChI=1S/C20H32O3/c1-2-3-4-5-6-7-8-9-10-13-16-19(21)17-14-11-12-15-18-20(22)23/h6-7,9-11,13-14,16,19,21H,2-5,8,12,15,17-18H2,1H3,(H,22,23)
258.3833333	33.28366667	12.2757037	0.209576302	320.2351449	8-HETE	2M-2H+Na;1-	LOX	HETE	LM:LMFA03060006	CCCCCC=CCC=CC=CC(O)CC=CCCCC(O)=O	C20H32O3	InChI=1S/C20H32O3/c1-2-3-4-5-6-7-8-9-10-13-16-19(21)17-14-11-12-15-18-20(22)23/h6-7,9-11,13-14,16,19,21H,2-5,8,12,15,17-18H2,1H3,(H,22,23)
259.14	32.701	12.2757037	0.136433353	320.2351449	8-HETE	M-H;1-	LOX	HETE	LM:LMFA03060006	CCCCCC=CCC=CC=CC(O)CC=CCCCC(O)=O	C20H32O3	InChI=1S/C20H32O3/c1-2-3-4-5-6-7-8-9-10-13-16-19(21)17-14-11-12-15-18-20(22)23/h6-7,9-11,13-14,16,19,21H,2-5,8,12,15,17-18H2,1H3,(H,22,23)
191.54	24.299	3.296571429	0.022150155	354.2406242	8-iso-PGF2-alpha	M-H;1-	COX	PG	LM:LMFA03010002	CCCCCC(O)C=CC1C(O)CC(O)C1CC=CCCCC(O)=O	C20H34O5	InChI=1S/C20H34O5/c1-2-3-6-9-15(21)12-13-17-16(18(22)14-19(17)23)10-7-4-5-8-11-20(24)25/h4,7,12-13,15-19,21-23H,2-3,5-6,8-11,14H2,1H3,(H,24,25)
202.745	25.879	3.296571429	0.010462997	354.2406242	8-iso-PGF2-alpha	M-H+CH3COONa;1-	COX	PG	LM:LMFA03010002	CCCCCC(O)C=CC1C(O)CC(O)C1CC=CCCCC(O)=O	C20H34O5	InChI=1S/C20H34O5/c1-2-3-6-9-15(21)12-13-17-16(18(22)14-19(17)23)10-7-4-5-8-11-20(24)25/h4,7,12-13,15-19,21-23H,2-3,5-6,8-11,14H2,1H3,(H,24,25)
224.145	28.38	3.296571429	0.394335576	354.2406242	8-iso-PGF2-alpha	M-H;1-	COX	PG	LM:LMFA03010002	CCCCCC(O)C=CC1C(O)CC(O)C1CC=CCCCC(O)=O	C20H34O5	InChI=1S/C20H34O5/c1-2-3-6-9-15(21)12-13-17-16(18(22)14-19(17)23)10-7-4-5-8-11-20(24)25/h4,7,12-13,15-19,21-23H,2-3,5-6,8-11,14H2,1H3,(H,24,25)
252.54	31.933	3.296571429	0.54879595	354.2406242	8-iso-PGF2-alpha	M-H;1-	COX	PG	LM:LMFA03010002	CCCCCC(O)C=CC1C(O)CC(O)C1CC=CCCCC(O)=O	C20H34O5	InChI=1S/C20H34O5/c1-2-3-6-9-15(21)12-13-17-16(18(22)14-19(17)23)10-7-4-5-8-11-20(24)25/h4,7,12-13,15-19,21-23H,2-3,5-6,8-11,14H2,1H3,(H,24,25)
263.08	33.876	3.296571429	0.05913163	354.2406242	8-iso-PGF2-alpha	2M-H;1-	COX	PG	LM:LMFA03010002	CCCCCC(O)C=CC1C(O)CC(O)C1CC=CCCCC(O)=O	C20H34O5	InChI=1S/C20H34O5/c1-2-3-6-9-15(21)12-13-17-16(18(22)14-19(17)23)10-7-4-5-8-11-20(24)25/h4,7,12-13,15-19,21-23H,2-3,5-6,8-11,14H2,1H3,(H,24,25)
265.315	34.18	3.296571429	0.087950262	354.2406242	8-iso-PGF2-alpha	2M-2H+Na;1-	COX	PG	LM:LMFA03010002	CCCCCC(O)C=CC1C(O)CC(O)C1CC=CCCCC(O)=O	C20H34O5	InChI=1S/C20H34O5/c1-2-3-6-9-15(21)12-13-17-16(18(22)14-19(17)23)10-7-4-5-8-11-20(24)25/h4,7,12-13,15-19,21-23H,2-3,5-6,8-11,14H2,1H3,(H,24,25)
266.335	33.6605	3.296571429	0.029204478	354.2406242	8-iso-PGF2-alpha	M-H;1-	COX	PG	LM:LMFA03010002	CCCCCC(O)C=CC1C(O)CC(O)C1CC=CCCCC(O)=O	C20H34O5	InChI=1S/C20H34O5/c1-2-3-6-9-15(21)12-13-17-16(18(22)14-19(17)23)10-7-4-5-8-11-20(24)25/h4,7,12-13,15-19,21-23H,2-3,5-6,8-11,14H2,1H3,(H,24,25)
175.825	22.1625	9.235857143	0.108584576	314.2457096	9(10)-DiHOME	M-H;1-	CYP	DiHOME	LM:LMFA02000161	CCCCCC=CCC(O)C(O)CCCCCCCC(O)=O	C18H34O4	InChI=1S/C18H34O4/c1-2-3-4-5-7-10-13-16(19)17(20)14-11-8-6-9-12-15-18(21)22/h7,10,16-17,19-20H,2-6,8-9,11-15H2,1H3,(H,21,22)
189.235	23.831	9.235857143	0.362455982	314.2457096	9(10)-DiHOME	M-H;1-	CYP	DiHOME	LM:LMFA02000161	CCCCCC=CCC(O)C(O)CCCCCCCC(O)=O	C18H34O4	InChI=1S/C18H34O4/c1-2-3-4-5-7-10-13-16(19)17(20)14-11-8-6-9-12-15-18(21)22/h7,10,16-17,19-20H,2-6,8-9,11-15H2,1H3,(H,21,22)
194.2466667	24.685	9.235857143	0.305838929	314.2457096	9(10)-DiHOME	M-H+CH3COONa;1-	CYP	DiHOME	LM:LMFA02000161	CCCCCC=CCC(O)C(O)CCCCCCCC(O)=O	C18H34O4	InChI=1S/C18H34O4/c1-2-3-4-5-7-10-13-16(19)17(20)14-11-8-6-9-12-15-18(21)22/h7,10,16-17,19-20H,2-6,8-9,11-15H2,1H3,(H,21,22)
216.075	27.17	9.235857143	0.232347942	314.2457096	9(10)-DiHOME	M-H;1-	CYP	DiHOME	LM:LMFA02000161	CCCCCC=CCC(O)C(O)CCCCCCCC(O)=O	C18H34O4	InChI=1S/C18H34O4/c1-2-3-4-5-7-10-13-16(19)17(20)14-11-8-6-9-12-15-18(21)22/h7,10,16-17,19-20H,2-6,8-9,11-15H2,1H3,(H,21,22)
251.98	32.34133333	9.235857143	0.333666741	314.2457096	9(10)-DiHOME	2M-H;1-	CYP	DiHOME	LM:LMFA02000161	CCCCCC=CCC(O)C(O)CCCCCCCC(O)=O	C18H34O4	InChI=1S/C18H34O4/c1-2-3-4-5-7-10-13-16(19)17(20)14-11-8-6-9-12-15-18(21)22/h7,10,16-17,19-20H,2-6,8-9,11-15H2,1H3,(H,21,22)
252.7333333	32.46033333	9.235857143	0.176611295	314.2457096	9(10)-DiHOME	2M-2H+Na;1-	CYP	DiHOME	LM:LMFA02000161	CCCCCC=CCC(O)C(O)CCCCCCCC(O)=O	C18H34O4	InChI=1S/C18H34O4/c1-2-3-4-5-7-10-13-16(19)17(20)14-11-8-6-9-12-15-18(21)22/h7,10,16-17,19-20H,2-6,8-9,11-15H2,1H3,(H,21,22)
255.37	32.098	9.235857143	0.260605132	314.2457096	9(10)-DiHOME	M-H;1-	CYP	DiHOME	LM:LMFA02000161	CCCCCC=CCC(O)C(O)CCCCCCCC(O)=O	C18H34O4	InChI=1S/C18H34O4/c1-2-3-4-5-7-10-13-16(19)17(20)14-11-8-6-9-12-15-18(21)22/h7,10,16-17,19-20H,2-6,8-9,11-15H2,1H3,(H,21,22)
173.96	21.88675	13.01613542	0.132505569	296.2351449	9(10)-EpOME	M-H;1-	CYP	EpOME	LM:LMFA02000037	CCCCCC=CCC1OC1CCCCCCCC(O)=O	C18H32O3	InChI=1S/C18H32O3/c1-2-3-4-5-7-10-13-16-17(21-16)14-11-8-6-9-12-15-18(19)20/h7,10,16-17H,2-6,8-9,11-15H2,1H3,(H,19,20)
181.97	22.87766667	13.01613542	0.452229282	296.2351449	9(10)-EpOME	M-H;1-	CYP	EpOME	LM:LMFA02000037	CCCCCC=CCC1OC1CCCCCCCC(O)=O	C18H32O3	InChI=1S/C18H32O3/c1-2-3-4-5-7-10-13-16-17(21-16)14-11-8-6-9-12-15-18(19)20/h7,10,16-17H,2-6,8-9,11-15H2,1H3,(H,19,20)
187.985	23.62225	13.01613542	0.299238808	296.2351449	9(10)-EpOME	M-H;1-	CYP	EpOME	LM:LMFA02000037	CCCCCC=CCC1OC1CCCCCCCC(O)=O	C18H32O3	InChI=1S/C18H32O3/c1-2-3-4-5-7-10-13-16-17(21-16)14-11-8-6-9-12-15-18(19)20/h7,10,16-17H,2-6,8-9,11-15H2,1H3,(H,19,20)
192.4325	24.39975	13.01613542	0.136463013	296.2351449	9(10)-EpOME	M-H+CH3COONa;1-	CYP	EpOME	LM:LMFA02000037	CCCCCC=CCC1OC1CCCCCCCC(O)=O	C18H32O3	InChI=1S/C18H32O3/c1-2-3-4-5-7-10-13-16-17(21-16)14-11-8-6-9-12-15-18(19)20/h7,10,16-17H,2-6,8-9,11-15H2,1H3,(H,19,20)
207.1566667	26.23933333	13.01613542	0.062816295	296.2351449	9(10)-EpOME	M-H+CH3COONa;1-	CYP	EpOME	LM:LMFA02000037	CCCCCC=CCC1OC1CCCCCCCC(O)=O	C18H32O3	InChI=1S/C18H32O3/c1-2-3-4-5-7-10-13-16-17(21-16)14-11-8-6-9-12-15-18(19)20/h7,10,16-17H,2-6,8-9,11-15H2,1H3,(H,19,20)
249.5466667	31.23933333	13.01613542	0.086163996	296.2351449	9(10)-EpOME	M-H;1-	CYP	EpOME	LM:LMFA02000037	CCCCCC=CCC1OC1CCCCCCCC(O)=O	C18H32O3	InChI=1S/C18H32O3/c1-2-3-4-5-7-10-13-16-17(21-16)14-11-8-6-9-12-15-18(19)20/h7,10,16-17H,2-6,8-9,11-15H2,1H3,(H,19,20)
250.97	32.1385	13.01613542	0.159613862	296.2351449	9(10)-EpOME	2M-2H+Na;1-	CYP	EpOME	LM:LMFA02000037	CCCCCC=CCC1OC1CCCCCCCC(O)=O	C18H32O3	InChI=1S/C18H32O3/c1-2-3-4-5-7-10-13-16-17(21-16)14-11-8-6-9-12-15-18(19)20/h7,10,16-17H,2-6,8-9,11-15H2,1H3,(H,19,20)
258.3033333	32.32333333	13.01613542	0.230352042	296.2351449	9(10)-EpOME	M-H;1-	CYP	EpOME	LM:LMFA02000037	CCCCCC=CCC1OC1CCCCCCCC(O)=O	C18H32O3	InChI=1S/C18H32O3/c1-2-3-4-5-7-10-13-16-17(21-16)14-11-8-6-9-12-15-18(19)20/h7,10,16-17H,2-6,8-9,11-15H2,1H3,(H,19,20)
178.17	22.6	12.43275	0.055562075	320.2351449	9-HETE	M-H;1-	LOX	HETE	LM:LMFA03060026	CCCCCC=CCC=CCC(O)C=CC=CCCCC(O)=O	C20H32O3	InChI=1S/C20H32O3/c1-2-3-4-5-6-7-8-10-13-16-19(21)17-14-11-9-12-15-18-20(22)23/h6-7,9-11,13-14,17,19,21H,2-5,8,12,15-16,18H2,1H3,(H,22,23)
191.455	24.257	12.43275	0.070173298	320.2351449	9-HETE	M-H;1-	LOX	HETE	LM:LMFA03060026	CCCCCC=CCC=CCC(O)C=CC=CCCCC(O)=O	C20H32O3	InChI=1S/C20H32O3/c1-2-3-4-5-6-7-8-10-13-16-19(21)17-14-11-9-12-15-18-20(22)23/h6-7,9-11,13-14,17,19,21H,2-5,8,12,15-16,18H2,1H3,(H,22,23)
196.49	25.077	12.43275	0.09709799	320.2351449	9-HETE	M-H+CH3COONa;1-	LOX	HETE	LM:LMFA03060026	CCCCCC=CCC=CCC(O)C=CC=CCCCC(O)=O	C20H32O3	InChI=1S/C20H32O3/c1-2-3-4-5-6-7-8-10-13-16-19(21)17-14-11-9-12-15-18-20(22)23/h6-7,9-11,13-14,17,19,21H,2-5,8,12,15-16,18H2,1H3,(H,22,23)
198.455	25.136	12.43275	0.060571995	320.2351449	9-HETE	M-H;1-	LOX	HETE	LM:LMFA03060026	CCCCCC=CCC=CCC(O)C=CC=CCCCC(O)=O	C20H32O3	InChI=1S/C20H32O3/c1-2-3-4-5-6-7-8-10-13-16-19(21)17-14-11-9-12-15-18-20(22)23/h6-7,9-11,13-14,17,19,21H,2-5,8,12,15-16,18H2,1H3,(H,22,23)
218.535	27.64	12.43275	0.067949035	320.2351449	9-HETE	M-H;1-	LOX	HETE	LM:LMFA03060026	CCCCCC=CCC=CCC(O)C=CC=CCCCC(O)=O	C20H32O3	InChI=1S/C20H32O3/c1-2-3-4-5-6-7-8-10-13-16-19(21)17-14-11-9-12-15-18-20(22)23/h6-7,9-11,13-14,17,19,21H,2-5,8,12,15-16,18H2,1H3,(H,22,23)
256.2466667	32.98833333	12.43275	0.055235512	320.2351449	9-HETE	2M-H;1-	LOX	HETE	LM:LMFA03060026	CCCCCC=CCC=CCC(O)C=CC=CCCCC(O)=O	C20H32O3	InChI=1S/C20H32O3/c1-2-3-4-5-6-7-8-10-13-16-19(21)17-14-11-9-12-15-18-20(22)23/h6-7,9-11,13-14,17,19,21H,2-5,8,12,15-16,18H2,1H3,(H,22,23)
258.29	33.271	12.43275	0.04363091	320.2351449	9-HETE	2M-2H+Na;1-	LOX	HETE	LM:LMFA03060026	CCCCCC=CCC=CCC(O)C=CC=CCCCC(O)=O	C20H32O3	InChI=1S/C20H32O3/c1-2-3-4-5-6-7-8-10-13-16-19(21)17-14-11-9-12-15-18-20(22)23/h6-7,9-11,13-14,17,19,21H,2-5,8,12,15-16,18H2,1H3,(H,22,23)
259.6166667	32.743	12.43275	0.054518518	320.2351449	9-HETE	M-H;1-	LOX	HETE	LM:LMFA03060026	CCCCCC=CCC=CCC(O)C=CC=CCCCC(O)=O	C20H32O3	InChI=1S/C20H32O3/c1-2-3-4-5-6-7-8-10-13-16-19(21)17-14-11-9-12-15-18-20(22)23/h6-7,9-11,13-14,17,19,21H,2-5,8,12,15-16,18H2,1H3,(H,22,23)
171.2266667	21.489	14.76041667	0.103872618	278.2245802	alpha-linolenic acid	M-H;1-	FA	FA	LM:LMFA01030152	CCC=CCC=CCC=CCCCCCCCC(O)=O	C18H30O2	InChI=1S/C18H30O2/c1-2-3-4-5-6-7-8-9-10-11-12-13-14-15-16-17-18(19)20/h3-4,6-7,9-10H,2,5,8,11-17H2,1H3,(H,19,20)
178.57	22.3955	14.76041667	0.150473527	278.2245802	alpha-linolenic acid	M-H;1-	FA	FA	LM:LMFA01030152	CCC=CCC=CCC=CCCCCCCCC(O)=O	C18H30O2	InChI=1S/C18H30O2/c1-2-3-4-5-6-7-8-9-10-11-12-13-14-15-16-17-18(19)20/h3-4,6-7,9-10H,2,5,8,11-17H2,1H3,(H,19,20)
186.995	23.4345	14.76041667	0.441773969	278.2245802	alpha-linolenic acid	M-H;1-	FA	FA	LM:LMFA01030152	CCC=CCC=CCC=CCCCCCCCC(O)=O	C18H30O2	InChI=1S/C18H30O2/c1-2-3-4-5-6-7-8-9-10-11-12-13-14-15-16-17-18(19)20/h3-4,6-7,9-10H,2,5,8,11-17H2,1H3,(H,19,20)
189.3	23.9675	14.76041667	0.09911074	278.2245802	alpha-linolenic acid	M-H+CH3COONa;1-	FA	FA	LM:LMFA01030152	CCC=CCC=CCC=CCCCCCCCC(O)=O	C18H30O2	InChI=1S/C18H30O2/c1-2-3-4-5-6-7-8-9-10-11-12-13-14-15-16-17-18(19)20/h3-4,6-7,9-10H,2,5,8,11-17H2,1H3,(H,19,20)
204.085	25.81125	14.76041667	0.058045604	278.2245802	alpha-linolenic acid	M-H+CH3COONa;1-	FA	FA	LM:LMFA01030152	CCC=CCC=CCC=CCCCCCCCC(O)=O	C18H30O2	InChI=1S/C18H30O2/c1-2-3-4-5-6-7-8-9-10-11-12-13-14-15-16-17-18(19)20/h3-4,6-7,9-10H,2,5,8,11-17H2,1H3,(H,19,20)
242.7425	30.314	14.76041667	0.23314548	278.2245802	alpha-linolenic acid	M-H;1-	FA	FA	LM:LMFA01030152	CCC=CCC=CCC=CCCCCCCCC(O)=O	C18H30O2	InChI=1S/C18H30O2/c1-2-3-4-5-6-7-8-9-10-11-12-13-14-15-16-17-18(19)20/h3-4,6-7,9-10H,2,5,8,11-17H2,1H3,(H,19,20)
244.4925	31.27625	14.76041667	0.083313408	278.2245802	alpha-linolenic acid	2M-2H+Na;1-	FA	FA	LM:LMFA01030152	CCC=CCC=CCC=CCCCCCCCC(O)=O	C18H30O2	InChI=1S/C18H30O2/c1-2-3-4-5-6-7-8-9-10-11-12-13-14-15-16-17-18(19)20/h3-4,6-7,9-10H,2,5,8,11-17H2,1H3,(H,19,20)
256.4525	32.0055	14.76041667	0.110491355	278.2245802	alpha-linolenic acid	M-H;1-	FA	FA	LM:LMFA01030152	CCC=CCC=CCC=CCCCCCCCC(O)=O	C18H30O2	InChI=1S/C18H30O2/c1-2-3-4-5-6-7-8-9-10-11-12-13-14-15-16-17-18(19)20/h3-4,6-7,9-10H,2,5,8,11-17H2,1H3,(H,19,20)
179.14	22.553	15.47563636	0.087018294	304.2402303	Arachidonic Acid	M-H;1-	FA	FA	LM:LMFA01030001	CCCCCC=CCC=CCC=CCC=CCCCC(O)=O	C20H32O2	InChI=1S/C20H32O2/c1-2-3-4-5-6-7-8-9-10-11-12-13-14-15-16-17-18-19-20(21)22/h6-7,9-10,12-13,15-16H,2-5,8,11,14,17-19H2,1H3,(H,21,22)
194.7025	24.70125	15.47563636	0.088102191	304.2402303	Arachidonic Acid	M-H+CH3COONa;1-	FA	FA	LM:LMFA01030001	CCCCCC=CCC=CCC=CCC=CCCCC(O)=O	C20H32O2	InChI=1S/C20H32O2/c1-2-3-4-5-6-7-8-9-10-11-12-13-14-15-16-17-18-19-20(21)22/h6-7,9-10,12-13,15-16H,2-5,8,11,14,17-19H2,1H3,(H,21,22)
206.3466667	25.92333333	15.47563636	0.065438838	304.2402303	Arachidonic Acid	M-H;1-	FA	FA	LM:LMFA01030001	CCCCCC=CCC=CCC=CCC=CCCCC(O)=O	C20H32O2	InChI=1S/C20H32O2/c1-2-3-4-5-6-7-8-9-10-11-12-13-14-15-16-17-18-19-20(21)22/h6-7,9-10,12-13,15-16H,2-5,8,11,14,17-19H2,1H3,(H,21,22)
209.28	26.52366667	15.47563636	0.06740604	304.2402303	Arachidonic Acid	M-H+CH3COONa;1-	FA	FA	LM:LMFA01030001	CCCCCC=CCC=CCC=CCC=CCCCC(O)=O	C20H32O2	InChI=1S/C20H32O2/c1-2-3-4-5-6-7-8-9-10-11-12-13-14-15-16-17-18-19-20(21)22/h6-7,9-10,12-13,15-16H,2-5,8,11,14,17-19H2,1H3,(H,21,22)
214.2133333	26.89833333	15.47563636	0.100376282	304.2402303	Arachidonic Acid	M-H;1-	FA	FA	LM:LMFA01030001	CCCCCC=CCC=CCC=CCC=CCCCC(O)=O	C20H32O2	InChI=1S/C20H32O2/c1-2-3-4-5-6-7-8-9-10-11-12-13-14-15-16-17-18-19-20(21)22/h6-7,9-10,12-13,15-16H,2-5,8,11,14,17-19H2,1H3,(H,21,22)
224.27	28.144	15.47563636	0.088281936	304.2402303	Arachidonic Acid	M-H;1-	FA	FA	LM:LMFA01030001	CCCCCC=CCC=CCC=CCC=CCCCC(O)=O	C20H32O2	InChI=1S/C20H32O2/c1-2-3-4-5-6-7-8-9-10-11-12-13-14-15-16-17-18-19-20(21)22/h6-7,9-10,12-13,15-16H,2-5,8,11,14,17-19H2,1H3,(H,21,22)
249.73	32.1345	15.47563636	0.322789305	304.2402303	Arachidonic Acid	2M-H;1-	FA	FA	LM:LMFA01030001	CCCCCC=CCC=CCC=CCC=CCCCC(O)=O	C20H32O2	InChI=1S/C20H32O2/c1-2-3-4-5-6-7-8-9-10-11-12-13-14-15-16-17-18-19-20(21)22/h6-7,9-10,12-13,15-16H,2-5,8,11,14,17-19H2,1H3,(H,21,22)
252.7475	31.672	15.47563636	0.060209744	304.2402303	Arachidonic Acid	M-H;1-	FA	FA	LM:LMFA01030001	CCCCCC=CCC=CCC=CCC=CCCCC(O)=O	C20H32O2	InChI=1S/C20H32O2/c1-2-3-4-5-6-7-8-9-10-11-12-13-14-15-16-17-18-19-20(21)22/h6-7,9-10,12-13,15-16H,2-5,8,11,14,17-19H2,1H3,(H,21,22)
254.165	32.561	15.47563636	0.083183658	304.2402303	Arachidonic Acid	2M-2H+Na;1-	FA	FA	LM:LMFA01030001	CCCCCC=CCC=CCC=CCC=CCCCC(O)=O	C20H32O2	InChI=1S/C20H32O2/c1-2-3-4-5-6-7-8-9-10-11-12-13-14-15-16-17-18-19-20(21)22/h6-7,9-10,12-13,15-16H,2-5,8,11,14,17-19H2,1H3,(H,21,22)
260.3275	32.61025	15.47563636	0.073647474	304.2402303	Arachidonic Acid	M-H;1-	FA	FA	LM:LMFA01030001	CCCCCC=CCC=CCC=CCC=CCCCC(O)=O	C20H32O2	InChI=1S/C20H32O2/c1-2-3-4-5-6-7-8-9-10-11-12-13-14-15-16-17-18-19-20(21)22/h6-7,9-10,12-13,15-16H,2-5,8,11,14,17-19H2,1H3,(H,21,22)
276.2166667	34.57933333	15.47563636	0.239855345	304.2402303	Arachidonic Acid	M-H;1-	FA	FA	LM:LMFA01030001	CCCCCC=CCC=CCC=CCC=CCCCC(O)=O	C20H32O2	InChI=1S/C20H32O2/c1-2-3-4-5-6-7-8-9-10-11-12-13-14-15-16-17-18-19-20(21)22/h6-7,9-10,12-13,15-16H,2-5,8,11,14,17-19H2,1H3,(H,21,22)
178.83	22.5205	16.021125	0.023724435	306.2558803	Dihomo-gamma-Linolenic Acid	M-H;1-	FA	FA	LM:LMFA01030158	CCCCCC=CCC=CCC=CCCCCCCC(O)=O	C20H34O2	InChI=1S/C20H34O2/c1-2-3-4-5-6-7-8-9-10-11-12-13-14-15-16-17-18-19-20(21)22/h6-7,9-10,12-13H,2-5,8,11,14-19H2,1H3,(H,21,22)
196.2825	24.90325	16.021125	0.055557127	306.2558803	Dihomo-gamma-Linolenic Acid	M-H+CH3COONa;1-	FA	FA	LM:LMFA01030158	CCCCCC=CCC=CCC=CCCCCCCC(O)=O	C20H34O2	InChI=1S/C20H34O2/c1-2-3-4-5-6-7-8-9-10-11-12-13-14-15-16-17-18-19-20(21)22/h6-7,9-10,12-13H,2-5,8,11,14-19H2,1H3,(H,21,22)
210.7433333	26.71166667	16.021125	0.057986185	306.2558803	Dihomo-gamma-Linolenic Acid	M-H+CH3COONa;1-	FA	FA	LM:LMFA01030158	CCCCCC=CCC=CCC=CCCCCCCC(O)=O	C20H34O2	InChI=1S/C20H34O2/c1-2-3-4-5-6-7-8-9-10-11-12-13-14-15-16-17-18-19-20(21)22/h6-7,9-10,12-13H,2-5,8,11,14-19H2,1H3,(H,21,22)
256.97	32.921	16.021125	0.065194805	306.2558803	Dihomo-gamma-Linolenic Acid	2M-2H+Na;1-	FA	FA	LM:LMFA01030158	CCCCCC=CCC=CCC=CCCCCCCC(O)=O	C20H34O2	InChI=1S/C20H34O2/c1-2-3-4-5-6-7-8-9-10-11-12-13-14-15-16-17-18-19-20(21)22/h6-7,9-10,12-13H,2-5,8,11,14-19H2,1H3,(H,21,22)
259.2275	32.48325	16.021125	0.943260595	306.2558803	Dihomo-gamma-Linolenic Acid	M-H;1-	FA	FA	LM:LMFA01030158	CCCCCC=CCC=CCC=CCCCCCCC(O)=O	C20H34O2	InChI=1S/C20H34O2/c1-2-3-4-5-6-7-8-9-10-11-12-13-14-15-16-17-18-19-20(21)22/h6-7,9-10,12-13H,2-5,8,11,14-19H2,1H3,(H,21,22)
277.6266667	34.76333333	16.021125	0.214319111	306.2558803	Dihomo-gamma-Linolenic Acid	M-H;1-	FA	FA	LM:LMFA01030158	CCCCCC=CCC=CCC=CCCCCCCC(O)=O	C20H34O2	InChI=1S/C20H34O2/c1-2-3-4-5-6-7-8-9-10-11-12-13-14-15-16-17-18-19-20(21)22/h6-7,9-10,12-13H,2-5,8,11,14-19H2,1H3,(H,21,22)
185.035	23.4375	15.32714286	0.133751654	328.2402303	Docosahexaenoic Acid	M-H;1-	FA	FA	LM:LMFA01030185	CCC=CCC=CCC=CCC=CCC=CCC=CCCC(O)=O	C22H32O2	InChI=1S/C22H32O2/c1-2-3-4-5-6-7-8-9-10-11-12-13-14-15-16-17-18-19-20-21-22(23)24/h3-4,6-7,9-10,12-13,15-16,18-19H,2,5,8,11,14,17,20-21H2,1H3,(H,23,24)
199.3866667	25.42666667	15.32714286	0.394667214	328.2402303	Docosahexaenoic Acid	M-H+CH3COONa;1-	FA	FA	LM:LMFA01030185	CCC=CCC=CCC=CCC=CCC=CCC=CCCC(O)=O	C22H32O2	InChI=1S/C22H32O2/c1-2-3-4-5-6-7-8-9-10-11-12-13-14-15-16-17-18-19-20-21-22(23)24/h3-4,6-7,9-10,12-13,15-16,18-19H,2,5,8,11,14,17,20-21H2,1H3,(H,23,24)
213.63	27.2565	15.32714286	0.728191227	328.2402303	Docosahexaenoic Acid	M-H+CH3COONa;1-	FA	FA	LM:LMFA01030185	CCC=CCC=CCC=CCC=CCC=CCC=CCCC(O)=O	C22H32O2	InChI=1S/C22H32O2/c1-2-3-4-5-6-7-8-9-10-11-12-13-14-15-16-17-18-19-20-21-22(23)24/h3-4,6-7,9-10,12-13,15-16,18-19H,2,5,8,11,14,17,20-21H2,1H3,(H,23,24)
224.295	28.381	15.32714286	0.930009588	328.2402303	Docosahexaenoic Acid	M-H;1-	FA	FA	LM:LMFA01030185	CCC=CCC=CCC=CCC=CCC=CCC=CCCC(O)=O	C22H32O2	InChI=1S/C22H32O2/c1-2-3-4-5-6-7-8-9-10-11-12-13-14-15-16-17-18-19-20-21-22(23)24/h3-4,6-7,9-10,12-13,15-16,18-19H,2,5,8,11,14,17,20-21H2,1H3,(H,23,24)
257.46	33.168	15.32714286	0.30630248	328.2402303	Docosahexaenoic Acid	2M-H;1-	FA	FA	LM:LMFA01030185	CCC=CCC=CCC=CCC=CCC=CCC=CCCC(O)=O	C22H32O2	InChI=1S/C22H32O2/c1-2-3-4-5-6-7-8-9-10-11-12-13-14-15-16-17-18-19-20-21-22(23)24/h3-4,6-7,9-10,12-13,15-16,18-19H,2,5,8,11,14,17,20-21H2,1H3,(H,23,24)
260.97	32.9755	15.32714286	0.449782449	328.2402303	Docosahexaenoic Acid	M-H;1-	FA	FA	LM:LMFA01030185	CCC=CCC=CCC=CCC=CCC=CCC=CCCC(O)=O	C22H32O2	InChI=1S/C22H32O2/c1-2-3-4-5-6-7-8-9-10-11-12-13-14-15-16-17-18-19-20-21-22(23)24/h3-4,6-7,9-10,12-13,15-16,18-19H,2,5,8,11,14,17,20-21H2,1H3,(H,23,24)
262.3133333	33.81166667	15.32714286	0.433260659	328.2402303	Docosahexaenoic Acid	2M-2H+Na;1-	FA	FA	LM:LMFA01030185	CCC=CCC=CCC=CCC=CCC=CCC=CCCC(O)=O	C22H32O2	InChI=1S/C22H32O2/c1-2-3-4-5-6-7-8-9-10-11-12-13-14-15-16-17-18-19-20-21-22(23)24/h3-4,6-7,9-10,12-13,15-16,18-19H,2,5,8,11,14,17,20-21H2,1H3,(H,23,24)
179.22	22.55675	14.64514583	0.345853526	302.2245802	Eicosapentaenoic Acid	M-H;1-	FA	FA	LM:LMFA01030759	CCC=CCC=CCC=CCC=CCC=CCCCC(O)=O	C20H30O2	InChI=1S/C20H30O2/c1-2-3-4-5-6-7-8-9-10-11-12-13-14-15-16-17-18-19-20(21)22/h3-4,6-7,9-10,12-13,15-16H,2,5,8,11,14,17-19H2,1H3,(H,21,22)
193.3475	24.52725	14.64514583	0.186402651	302.2245802	Eicosapentaenoic Acid	M-H+CH3COONa;1-	FA	FA	LM:LMFA01030759	CCC=CCC=CCC=CCC=CCC=CCCCC(O)=O	C20H30O2	InChI=1S/C20H30O2/c1-2-3-4-5-6-7-8-9-10-11-12-13-14-15-16-17-18-19-20(21)22/h3-4,6-7,9-10,12-13,15-16H,2,5,8,11,14,17-19H2,1H3,(H,21,22)
199.9425	25.12325	14.64514583	0.150119529	302.2245802	Eicosapentaenoic Acid	M-H;1-	FA	FA	LM:LMFA01030759	CCC=CCC=CCC=CCC=CCC=CCCCC(O)=O	C20H30O2	InChI=1S/C20H30O2/c1-2-3-4-5-6-7-8-9-10-11-12-13-14-15-16-17-18-19-20(21)22/h3-4,6-7,9-10,12-13,15-16H,2,5,8,11,14,17-19H2,1H3,(H,21,22)
207.8633333	26.342	14.64514583	0.117874087	302.2245802	Eicosapentaenoic Acid	M-H+CH3COONa;1-	FA	FA	LM:LMFA01030759	CCC=CCC=CCC=CCC=CCC=CCCCC(O)=O	C20H30O2	InChI=1S/C20H30O2/c1-2-3-4-5-6-7-8-9-10-11-12-13-14-15-16-17-18-19-20(21)22/h3-4,6-7,9-10,12-13,15-16H,2,5,8,11,14,17-19H2,1H3,(H,21,22)
250.4925	31.3835	14.64514583	0.14523822	302.2245802	Eicosapentaenoic Acid	M-H;1-	FA	FA	LM:LMFA01030759	CCC=CCC=CCC=CCC=CCC=CCCCC(O)=O	C20H30O2	InChI=1S/C20H30O2/c1-2-3-4-5-6-7-8-9-10-11-12-13-14-15-16-17-18-19-20(21)22/h3-4,6-7,9-10,12-13,15-16H,2,5,8,11,14,17-19H2,1H3,(H,21,22)
252	32.28225	14.64514583	0.083301833	302.2245802	Eicosapentaenoic Acid	2M-2H+Na;1-	FA	FA	LM:LMFA01030759	CCC=CCC=CCC=CCC=CCC=CCCCC(O)=O	C20H30O2	InChI=1S/C20H30O2/c1-2-3-4-5-6-7-8-9-10-11-12-13-14-15-16-17-18-19-20(21)22/h3-4,6-7,9-10,12-13,15-16H,2,5,8,11,14,17-19H2,1H3,(H,21,22)
259.2425	32.46725	14.64514583	0.099316926	302.2245802	Eicosapentaenoic Acid	M-H;1-	FA	FA	LM:LMFA01030759	CCC=CCC=CCC=CCC=CCC=CCCCC(O)=O	C20H30O2	InChI=1S/C20H30O2/c1-2-3-4-5-6-7-8-9-10-11-12-13-14-15-16-17-18-19-20(21)22/h3-4,6-7,9-10,12-13,15-16H,2,5,8,11,14,17-19H2,1H3,(H,21,22)
274.5375	34.362	14.64514583	0.653258456	302.2245802	Eicosapentaenoic Acid	M-H;1-	FA	FA	LM:LMFA01030759	CCC=CCC=CCC=CCC=CCC=CCCCC(O)=O	C20H30O2	InChI=1S/C20H30O2/c1-2-3-4-5-6-7-8-9-10-11-12-13-14-15-16-17-18-19-20(21)22/h3-4,6-7,9-10,12-13,15-16H,2,5,8,11,14,17-19H2,1H3,(H,21,22)
167.5666667	20.72233333	12.62116667	0.465805056	200.17763	Lauric Acid	M-H;1-	FA	FA	LM:LMFA01010012	CCCCCCCCCCCC(O)=O	C12H24O2	InChI=1S/C12H24O2/c1-2-3-4-5-6-7-8-9-10-11-12(13)14/h2-11H2,1H3,(H,13,14)
172.42	21.70633333	12.62116667	0.318672007	200.17763	Lauric Acid	M-H+CH3COONa;1-	FA	FA	LM:LMFA01010012	CCCCCCCCCCCC(O)=O	C12H24O2	InChI=1S/C12H24O2/c1-2-3-4-5-6-7-8-9-10-11-12(13)14/h2-11H2,1H3,(H,13,14)
190.6133333	23.974	12.62116667	0.397895242	200.17763	Lauric Acid	M-H+CH3COONa;1-	FA	FA	LM:LMFA01010012	CCCCCCCCCCCC(O)=O	C12H24O2	InChI=1S/C12H24O2/c1-2-3-4-5-6-7-8-9-10-11-12(13)14/h2-11H2,1H3,(H,13,14)
214.16	27.35	12.62116667	0.013207075	200.17763	Lauric Acid	2M-2H+Na;1-	FA	FA	LM:LMFA01010012	CCCCCCCCCCCC(O)=O	C12H24O2	InChI=1S/C12H24O2/c1-2-3-4-5-6-7-8-9-10-11-12(13)14/h2-11H2,1H3,(H,13,14)
171.775	21.564	15.6298125	0.086445888	280.2402303	Linoleic Acid	M-H;1-	FA	FA	LM:LMFA01030120	CCCCCC=CCC=CCCCCCCCC(O)=O	C18H32O2	InChI=1S/C18H32O2/c1-2-3-4-5-6-7-8-9-10-11-12-13-14-15-16-17-18(19)20/h6-7,9-10H,2-5,8,11-17H2,1H3,(H,19,20)
185.715	23.2845	15.6298125	0.179154131	280.2402303	Linoleic Acid	M-H;1-	FA	FA	LM:LMFA01030120	CCCCCC=CCC=CCCCCCCCC(O)=O	C18H32O2	InChI=1S/C18H32O2/c1-2-3-4-5-6-7-8-9-10-11-12-13-14-15-16-17-18(19)20/h6-7,9-10H,2-5,8,11-17H2,1H3,(H,19,20)
190.8125	24.1615	15.6298125	0.082572951	280.2402303	Linoleic Acid	M-H+CH3COONa;1-	FA	FA	LM:LMFA01030120	CCCCCC=CCC=CCCCCCCCC(O)=O	C18H32O2	InChI=1S/C18H32O2/c1-2-3-4-5-6-7-8-9-10-11-12-13-14-15-16-17-18(19)20/h6-7,9-10H,2-5,8,11-17H2,1H3,(H,19,20)
205.6033333	26.006	15.6298125	0.033106755	280.2402303	Linoleic Acid	M-H+CH3COONa;1-	FA	FA	LM:LMFA01030120	CCCCCC=CCC=CCCCCCCCC(O)=O	C18H32O2	InChI=1S/C18H32O2/c1-2-3-4-5-6-7-8-9-10-11-12-13-14-15-16-17-18(19)20/h6-7,9-10H,2-5,8,11-17H2,1H3,(H,19,20)
245.255	30.63375	15.6298125	0.046190415	280.2402303	Linoleic Acid	M-H;1-	FA	FA	LM:LMFA01030120	CCCCCC=CCC=CCCCCCCCC(O)=O	C18H32O2	InChI=1S/C18H32O2/c1-2-3-4-5-6-7-8-9-10-11-12-13-14-15-16-17-18(19)20/h6-7,9-10H,2-5,8,11-17H2,1H3,(H,19,20)
247.705	31.687	15.6298125	0.05714021	280.2402303	Linoleic Acid	2M-2H+Na;1-	FA	FA	LM:LMFA01030120	CCCCCC=CCC=CCCCCCCCC(O)=O	C18H32O2	InChI=1S/C18H32O2/c1-2-3-4-5-6-7-8-9-10-11-12-13-14-15-16-17-18(19)20/h6-7,9-10H,2-5,8,11-17H2,1H3,(H,19,20)
257.8175	32.18475	15.6298125	0.073277564	280.2402303	Linoleic Acid	M-H;1-	FA	FA	LM:LMFA01030120	CCCCCC=CCC=CCCCCCCCC(O)=O	C18H32O2	InChI=1S/C18H32O2/c1-2-3-4-5-6-7-8-9-10-11-12-13-14-15-16-17-18(19)20/h6-7,9-10H,2-5,8,11-17H2,1H3,(H,19,20)
273.765	34.153	15.6298125	0.162722507	280.2402303	Linoleic Acid	M-H;1-	FA	FA	LM:LMFA01030120	CCCCCC=CCC=CCCCCCCCC(O)=O	C18H32O2	InChI=1S/C18H32O2/c1-2-3-4-5-6-7-8-9-10-11-12-13-14-15-16-17-18(19)20/h6-7,9-10H,2-5,8,11-17H2,1H3,(H,19,20)
182.8133333	23.16533333	8.652092593	0.027532034	336.2300595	LTB4	M-H;1-	LOX	LT	LM:LMFA03020001	CCCCCC=CCC(O)C=CC=CC=CC(O)CCCC(O)=O	C20H32O4	InChI=1S/C20H32O4/c1-2-3-4-5-6-9-13-18(21)14-10-7-8-11-15-19(22)16-12-17-20(23)24/h6-11,14-15,18-19,21-22H,2-5,12-13,16-17H2,1H3,(H,23,24)
194.605	24.6355	8.652092593	0.214379384	336.2300595	LTB4	M-H;1-	LOX	LT	LM:LMFA03020001	CCCCCC=CCC(O)C=CC=CC=CC(O)CCCC(O)=O	C20H32O4	InChI=1S/C20H32O4/c1-2-3-4-5-6-9-13-18(21)14-10-7-8-11-15-19(22)16-12-17-20(23)24/h6-11,14-15,18-19,21-22H,2-5,12-13,16-17H2,1H3,(H,23,24)
202.5233333	25.62733333	8.652092593	0.032876844	336.2300595	LTB4	M-H;1-	LOX	LT	LM:LMFA03020001	CCCCCC=CCC(O)C=CC=CC=CC(O)CCCC(O)=O	C20H32O4	InChI=1S/C20H32O4/c1-2-3-4-5-6-9-13-18(21)14-10-7-8-11-15-19(22)16-12-17-20(23)24/h6-11,14-15,18-19,21-22H,2-5,12-13,16-17H2,1H3,(H,23,24)
203.22	25.906	8.652092593	0.05567222	336.2300595	LTB4	M-H+CH3COONa;1-	LOX	LT	LM:LMFA03020001	CCCCCC=CCC(O)C=CC=CC=CC(O)CCCC(O)=O	C20H32O4	InChI=1S/C20H32O4/c1-2-3-4-5-6-9-13-18(21)14-10-7-8-11-15-19(22)16-12-17-20(23)24/h6-11,14-15,18-19,21-22H,2-5,12-13,16-17H2,1H3,(H,23,24)
222.695	28.144	8.652092593	0.574715765	336.2300595	LTB4	M-H;1-	LOX	LT	LM:LMFA03020001	CCCCCC=CCC(O)C=CC=CC=CC(O)CCCC(O)=O	C20H32O4	InChI=1S/C20H32O4/c1-2-3-4-5-6-9-13-18(21)14-10-7-8-11-15-19(22)16-12-17-20(23)24/h6-11,14-15,18-19,21-22H,2-5,12-13,16-17H2,1H3,(H,23,24)
244.995	30.9285	8.652092593	0.106789734	336.2300595	LTB4	M-H;1-	LOX	LT	LM:LMFA03020001	CCCCCC=CCC(O)C=CC=CC=CC(O)CCCC(O)=O	C20H32O4	InChI=1S/C20H32O4/c1-2-3-4-5-6-9-13-18(21)14-10-7-8-11-15-19(22)16-12-17-20(23)24/h6-11,14-15,18-19,21-22H,2-5,12-13,16-17H2,1H3,(H,23,24)
263.4933333	33.899	8.652092593	0.106354871	336.2300595	LTB4	2M-H;1-	LOX	LT	LM:LMFA03020001	CCCCCC=CCC(O)C=CC=CC=CC(O)CCCC(O)=O	C20H32O4	InChI=1S/C20H32O4/c1-2-3-4-5-6-9-13-18(21)14-10-7-8-11-15-19(22)16-12-17-20(23)24/h6-11,14-15,18-19,21-22H,2-5,12-13,16-17H2,1H3,(H,23,24)
266.43	34.295	8.652092593	0.158486599	336.2300595	LTB4	2M-2H+Na;1-	LOX	LT	LM:LMFA03020001	CCCCCC=CCC(O)C=CC=CC=CC(O)CCCC(O)=O	C20H32O4	InChI=1S/C20H32O4/c1-2-3-4-5-6-9-13-18(21)14-10-7-8-11-15-19(22)16-12-17-20(23)24/h6-11,14-15,18-19,21-22H,2-5,12-13,16-17H2,1H3,(H,23,24)
266.8066667	33.65833333	8.652092593	0.086313313	336.2300595	LTB4	M-H;1-	LOX	LT	LM:LMFA03020001	CCCCCC=CCC(O)C=CC=CC=CC(O)CCCC(O)=O	C20H32O4	InChI=1S/C20H32O4/c1-2-3-4-5-6-9-13-18(21)14-10-7-8-11-15-19(22)16-12-17-20(23)24/h6-11,14-15,18-19,21-22H,2-5,12-13,16-17H2,1H3,(H,23,24)
221.02	28.285	6.4245	0.076782928	496.260708	LTD4	M-H;1-	LOX	LT	LM:LMFA03020006	CCCCCC=CCC=CC=CC=CC(SCC(N)C(=O)NCC(O)=O)C(O)CCCC(O)=O	C25H40N2O6S	InChI=1S/C25H40N2O6S/c1-2-3-4-5-6-7-8-9-10-11-12-13-16-22(21(28)15-14-17-23(29)30)34-19-20(26)25(33)27-18-24(31)32/h6-7,9-13,16,20-22,28H,2-5,8,14-15,17-19,26H2,1H3,(H,27,33)(H,29,30)(H,31,32)
158.09	19.75	14.89825	0.286259941	228.2089301	Myristic Acid	M-H;1-	FA	FA	LM:LMFA01010014	CCCCCCCCCCCCCC(O)=O	C14H28O2	InChI=1S/C14H28O2/c1-2-3-4-5-6-7-8-9-10-11-12-13-14(15)16/h2-13H2,1H3,(H,15,16)
179.0766667	22.628	14.89825	0.278893404	228.2089301	Myristic Acid	M-H+CH3COONa;1-	FA	FA	LM:LMFA01010014	CCCCCCCCCCCCCC(O)=O	C14H28O2	InChI=1S/C14H28O2/c1-2-3-4-5-6-7-8-9-10-11-12-13-14(15)16/h2-13H2,1H3,(H,15,16)
196.7066667	24.834	14.89825	0.387074942	228.2089301	Myristic Acid	M-H+CH3COONa;1-	FA	FA	LM:LMFA01010014	CCCCCCCCCCCCCC(O)=O	C14H28O2	InChI=1S/C14H28O2/c1-2-3-4-5-6-7-8-9-10-11-12-13-14(15)16/h2-13H2,1H3,(H,15,16)
225.8	28.89766667	14.89825	0.471006135	228.2089301	Myristic Acid	2M-2H+Na;1-	FA	FA	LM:LMFA01010014	CCCCCCCCCCCCCC(O)=O	C14H28O2	InChI=1S/C14H28O2/c1-2-3-4-5-6-7-8-9-10-11-12-13-14(15)16/h2-13H2,1H3,(H,15,16)
172.52	21.7295	16.51469048	0.295106007	282.2558803	Oleic Acid	M-H;1-	FA	FA	LM:LMFA01030002	CCCCCCCCC=CCCCCCCCC(O)=O	C18H34O2	InChI=1S/C18H34O2/c1-2-3-4-5-6-7-8-9-10-11-12-13-14-15-16-17-18(19)20/h9-10H,2-8,11-17H2,1H3,(H,19,20)
186.57	23.504	16.51469048	0.341103126	282.2558803	Oleic Acid	M-H;1-	FA	FA	LM:LMFA01030002	CCCCCCCCC=CCCCCCCCC(O)=O	C18H34O2	InChI=1S/C18H34O2/c1-2-3-4-5-6-7-8-9-10-11-12-13-14-15-16-17-18(19)20/h9-10H,2-8,11-17H2,1H3,(H,19,20)
192.35	24.43933333	16.51469048	0.379088962	282.2558803	Oleic Acid	M-H+CH3COONa;1-	FA	FA	LM:LMFA01030002	CCCCCCCCC=CCCCCCCCC(O)=O	C18H34O2	InChI=1S/C18H34O2/c1-2-3-4-5-6-7-8-9-10-11-12-13-14-15-16-17-18(19)20/h9-10H,2-8,11-17H2,1H3,(H,19,20)
207.2366667	26.314	16.51469048	0.33630425	282.2558803	Oleic Acid	M-H+CH3COONa;1-	FA	FA	LM:LMFA01030002	CCCCCCCCC=CCCCCCCCC(O)=O	C18H34O2	InChI=1S/C18H34O2/c1-2-3-4-5-6-7-8-9-10-11-12-13-14-15-16-17-18(19)20/h9-10H,2-8,11-17H2,1H3,(H,19,20)
247.53	31.067	16.51469048	0.466902953	282.2558803	Oleic Acid	M-H;1-	FA	FA	LM:LMFA01030002	CCCCCCCCC=CCCCCCCCC(O)=O	C18H34O2	InChI=1S/C18H34O2/c1-2-3-4-5-6-7-8-9-10-11-12-13-14-15-16-17-18(19)20/h9-10H,2-8,11-17H2,1H3,(H,19,20)
250.1	32.173	16.51469048	0.49194954	282.2558803	Oleic Acid	2M-2H+Na;1-	FA	FA	LM:LMFA01030002	CCCCCCCCC=CCCCCCCCC(O)=O	C18H34O2	InChI=1S/C18H34O2/c1-2-3-4-5-6-7-8-9-10-11-12-13-14-15-16-17-18(19)20/h9-10H,2-8,11-17H2,1H3,(H,19,20)
261.115	32.7675	16.51469048	0.587642118	282.2558803	Oleic Acid	M-H;1-	FA	FA	LM:LMFA01030002	CCCCCCCCC=CCCCCCCCC(O)=O	C18H34O2	InChI=1S/C18H34O2/c1-2-3-4-5-6-7-8-9-10-11-12-13-14-15-16-17-18(19)20/h9-10H,2-8,11-17H2,1H3,(H,19,20)
166.02	20.851	16.33958333	0.051109995	256.2402303	Palmitic Acid	M-H;1-	FA	FA	LM:LMFA01010001	CCCCCCCCCCCCCCCC(O)=O	C16H32O2	InChI=1S/C16H32O2/c1-2-3-4-5-6-7-8-9-10-11-12-13-14-15-16(17)18/h2-15H2,1H3,(H,17,18)
182.7	22.884	16.33958333	0.618112651	256.2402303	Palmitic Acid	M-H;1-	FA	FA	LM:LMFA01010001	CCCCCCCCCCCCCCCC(O)=O	C16H32O2	InChI=1S/C16H32O2/c1-2-3-4-5-6-7-8-9-10-11-12-13-14-15-16(17)18/h2-15H2,1H3,(H,17,18)
187.405	23.7845	16.33958333	0.124513881	256.2402303	Palmitic Acid	M-H+CH3COONa;1-	FA	FA	LM:LMFA01010001	CCCCCCCCCCCCCCCC(O)=O	C16H32O2	InChI=1S/C16H32O2/c1-2-3-4-5-6-7-8-9-10-11-12-13-14-15-16(17)18/h2-15H2,1H3,(H,17,18)
239.8	29.9945	16.33958333	0.088462066	256.2402303	Palmitic Acid	M-H;1-	FA	FA	LM:LMFA01010001	CCCCCCCCCCCCCCCC(O)=O	C16H32O2	InChI=1S/C16H32O2/c1-2-3-4-5-6-7-8-9-10-11-12-13-14-15-16(17)18/h2-15H2,1H3,(H,17,18)
240.095	30.829	16.33958333	0.209102986	256.2402303	Palmitic Acid	2M-2H+Na;1-	FA	FA	LM:LMFA01010001	CCCCCCCCCCCCCCCC(O)=O	C16H32O2	InChI=1S/C16H32O2/c1-2-3-4-5-6-7-8-9-10-11-12-13-14-15-16(17)18/h2-15H2,1H3,(H,17,18)
257.415	32.177	16.33958333	0.55763136	256.2402303	Palmitic Acid	M-H;1-	FA	FA	LM:LMFA01010001	CCCCCCCCCCCCCCCC(O)=O	C16H32O2	InChI=1S/C16H32O2/c1-2-3-4-5-6-7-8-9-10-11-12-13-14-15-16(17)18/h2-15H2,1H3,(H,17,18)
164.9	20.6775	15.25658333	0.540299906	254.2245802	Palmitoleic Acid	M-H;1-	FA	FA	LM:LMFA01030055	CCCCCCCCC=CCCCCCC(O)=O	C16H30O2	InChI=1S/C16H30O2/c1-2-3-4-5-6-7-8-9-10-11-12-13-14-15-16(17)18/h9-10H,2-8,11-15H2,1H3,(H,17,18)
185.6766667	23.52966667	15.25658333	0.56604602	254.2245802	Palmitoleic Acid	M-H+CH3COONa;1-	FA	FA	LM:LMFA01030055	CCCCCCCCC=CCCCCCC(O)=O	C16H30O2	InChI=1S/C16H30O2/c1-2-3-4-5-6-7-8-9-10-11-12-13-14-15-16(17)18/h9-10H,2-8,11-15H2,1H3,(H,17,18)
235.74	30.25	15.25658333	0.203967342	254.2245802	Palmitoleic Acid	2M-2H+Na;1-	FA	FA	LM:LMFA01030055	CCCCCCCCC=CCCCCCC(O)=O	C16H30O2	InChI=1S/C16H30O2/c1-2-3-4-5-6-7-8-9-10-11-12-13-14-15-16(17)18/h9-10H,2-8,11-15H2,1H3,(H,17,18)
253.395	31.6675	15.25658333	0.438113478	254.2245802	Palmitoleic Acid	M-H;1-	FA	FA	LM:LMFA01030055	CCCCCCCCC=CCCCCCC(O)=O	C16H30O2	InChI=1S/C16H30O2/c1-2-3-4-5-6-7-8-9-10-11-12-13-14-15-16(17)18/h9-10H,2-8,11-15H2,1H3,(H,17,18)
183.89	23.29	4.900666667	0.32065959	352.2249741	PGD2	M-H;1-	COX	PG	LM:LMFA03010004	CCCCCC(O)C=CC1C(CC=CCCCC(O)=O)C(O)CC1=O	C20H32O5	InChI=1S/C20H32O5/c1-2-3-6-9-15(21)12-13-17-16(18(22)14-19(17)23)10-7-4-5-8-11-20(24)25/h4,7,12-13,15-18,21-22H,2-3,5-6,8-11,14H2,1H3,(H,24,25)
198.33	25.073	4.900666667	0.156873385	352.2249741	PGD2	M-H;1-	COX	PG	LM:LMFA03010004	CCCCCC(O)C=CC1C(CC=CCCCC(O)=O)C(O)CC1=O	C20H32O5	InChI=1S/C20H32O5/c1-2-3-6-9-15(21)12-13-17-16(18(22)14-19(17)23)10-7-4-5-8-11-20(24)25/h4,7,12-13,15-18,21-22H,2-3,5-6,8-11,14H2,1H3,(H,24,25)
198.4333333	25.287	4.900666667	0.387886902	352.2249741	PGD2	M-H+CH3COONa;1-	COX	PG	LM:LMFA03010004	CCCCCC(O)C=CC1C(CC=CCCCC(O)=O)C(O)CC1=O	C20H32O5	InChI=1S/C20H32O5/c1-2-3-6-9-15(21)12-13-17-16(18(22)14-19(17)23)10-7-4-5-8-11-20(24)25/h4,7,12-13,15-18,21-22H,2-3,5-6,8-11,14H2,1H3,(H,24,25)
262.245	33.773	4.900666667	0.563539123	352.2249741	PGD2	2M-2H+Na;1-	COX	PG	LM:LMFA03010004	CCCCCC(O)C=CC1C(CC=CCCCC(O)=O)C(O)CC1=O	C20H32O5	InChI=1S/C20H32O5/c1-2-3-6-9-15(21)12-13-17-16(18(22)14-19(17)23)10-7-4-5-8-11-20(24)25/h4,7,12-13,15-18,21-22H,2-3,5-6,8-11,14H2,1H3,(H,24,25)
263.8533333	33.934	4.900666667	0.559614427	352.2249741	PGD2	2M-H;1-	COX	PG	LM:LMFA03010004	CCCCCC(O)C=CC1C(CC=CCCCC(O)=O)C(O)CC1=O	C20H32O5	InChI=1S/C20H32O5/c1-2-3-6-9-15(21)12-13-17-16(18(22)14-19(17)23)10-7-4-5-8-11-20(24)25/h4,7,12-13,15-18,21-22H,2-3,5-6,8-11,14H2,1H3,(H,24,25)
266.74	33.667	4.900666667	0.800569493	352.2249741	PGD2	M-H;1-	COX	PG	LM:LMFA03010004	CCCCCC(O)C=CC1C(CC=CCCCC(O)=O)C(O)CC1=O	C20H32O5	InChI=1S/C20H32O5/c1-2-3-6-9-15(21)12-13-17-16(18(22)14-19(17)23)10-7-4-5-8-11-20(24)25/h4,7,12-13,15-18,21-22H,2-3,5-6,8-11,14H2,1H3,(H,24,25)
185.05	23.43533333	4.495404762	0.486835153	352.2249741	PGE2	M-H;1-	COX	PG	LM:LMFA03010003	CCCCCC(O)C=CC1C(O)CC(=O)C1CC=CCCCC(O)=O	C20H32O5	InChI=1S/C20H32O5/c1-2-3-6-9-15(21)12-13-17-16(18(22)14-19(17)23)10-7-4-5-8-11-20(24)25/h4,7,12-13,15-17,19,21,23H,2-3,5-6,8-11,14H2,1H3,(H,24,25)
193.035	24.411	4.495404762	0.003663101	352.2249741	PGE2	M-H;1-	COX	PG	LM:LMFA03010003	CCCCCC(O)C=CC1C(O)CC(=O)C1CC=CCCCC(O)=O	C20H32O5	InChI=1S/C20H32O5/c1-2-3-6-9-15(21)12-13-17-16(18(22)14-19(17)23)10-7-4-5-8-11-20(24)25/h4,7,12-13,15-17,19,21,23H,2-3,5-6,8-11,14H2,1H3,(H,24,25)
198.4366667	25.288	4.495404762	0.483081137	352.2249741	PGE2	M-H+CH3COONa;1-	COX	PG	LM:LMFA03010003	CCCCCC(O)C=CC1C(O)CC(=O)C1CC=CCCCC(O)=O	C20H32O5	InChI=1S/C20H32O5/c1-2-3-6-9-15(21)12-13-17-16(18(22)14-19(17)23)10-7-4-5-8-11-20(24)25/h4,7,12-13,15-17,19,21,23H,2-3,5-6,8-11,14H2,1H3,(H,24,25)
221.065	27.9135	4.495404762	0.399829677	352.2249741	PGE2	M-H;1-	COX	PG	LM:LMFA03010003	CCCCCC(O)C=CC1C(O)CC(=O)C1CC=CCCCC(O)=O	C20H32O5	InChI=1S/C20H32O5/c1-2-3-6-9-15(21)12-13-17-16(18(22)14-19(17)23)10-7-4-5-8-11-20(24)25/h4,7,12-13,15-17,19,21,23H,2-3,5-6,8-11,14H2,1H3,(H,24,25)
258.1633333	33.20766667	4.495404762	0.656721993	352.2249741	PGE2	2M-H;1-	COX	PG	LM:LMFA03010003	CCCCCC(O)C=CC1C(O)CC(=O)C1CC=CCCCC(O)=O	C20H32O5	InChI=1S/C20H32O5/c1-2-3-6-9-15(21)12-13-17-16(18(22)14-19(17)23)10-7-4-5-8-11-20(24)25/h4,7,12-13,15-17,19,21,23H,2-3,5-6,8-11,14H2,1H3,(H,24,25)
260.2066667	33.488	4.495404762	0.682865105	352.2249741	PGE2	2M-2H+Na;1-	COX	PG	LM:LMFA03010003	CCCCCC(O)C=CC1C(O)CC(=O)C1CC=CCCCC(O)=O	C20H32O5	InChI=1S/C20H32O5/c1-2-3-6-9-15(21)12-13-17-16(18(22)14-19(17)23)10-7-4-5-8-11-20(24)25/h4,7,12-13,15-17,19,21,23H,2-3,5-6,8-11,14H2,1H3,(H,24,25)
261.39	32.99666667	4.495404762	0.66827234	352.2249741	PGE2	M-H;1-	COX	PG	LM:LMFA03010003	CCCCCC(O)C=CC1C(O)CC(=O)C1CC=CCCCC(O)=O	C20H32O5	InChI=1S/C20H32O5/c1-2-3-6-9-15(21)12-13-17-16(18(22)14-19(17)23)10-7-4-5-8-11-20(24)25/h4,7,12-13,15-17,19,21,23H,2-3,5-6,8-11,14H2,1H3,(H,24,25)
187.65	23.76633333	4.256966667	0.069277911	354.2406242	PGF2-alpha	M-H;1-	COX	PG	LM:LMFA03010002	CCCCCC(O)C=CC1C(O)CC(O)C1CC=CCCCC(O)=O	C20H34O5	InChI=1S/C20H34O5/c1-2-3-6-9-15(21)12-13-17-16(18(22)14-19(17)23)10-7-4-5-8-11-20(24)25/h4,7,12-13,15-19,21-23H,2-3,5-6,8-11,14H2,1H3,(H,24,25)
202.07	25.722	4.256966667	0.055989056	354.2406242	PGF2-alpha	M-H+CH3COONa;1-	COX	PG	LM:LMFA03010002	CCCCCC(O)C=CC1C(O)CC(O)C1CC=CCCCC(O)=O	C20H34O5	InChI=1S/C20H34O5/c1-2-3-6-9-15(21)12-13-17-16(18(22)14-19(17)23)10-7-4-5-8-11-20(24)25/h4,7,12-13,15-19,21-23H,2-3,5-6,8-11,14H2,1H3,(H,24,25)
261.7766667	33.67366667	4.256966667	0.063616548	354.2406242	PGF2-alpha	2M-H;1-	COX	PG	LM:LMFA03010002	CCCCCC(O)C=CC1C(O)CC(O)C1CC=CCCCC(O)=O	C20H34O5	InChI=1S/C20H34O5/c1-2-3-6-9-15(21)12-13-17-16(18(22)14-19(17)23)10-7-4-5-8-11-20(24)25/h4,7,12-13,15-19,21-23H,2-3,5-6,8-11,14H2,1H3,(H,24,25)
262.665	33.7585	4.256966667	0.051148912	354.2406242	PGF2-alpha	2M-2H+Na;1-	COX	PG	LM:LMFA03010002	CCCCCC(O)C=CC1C(O)CC(O)C1CC=CCCCC(O)=O	C20H34O5	InChI=1S/C20H34O5/c1-2-3-6-9-15(21)12-13-17-16(18(22)14-19(17)23)10-7-4-5-8-11-20(24)25/h4,7,12-13,15-19,21-23H,2-3,5-6,8-11,14H2,1H3,(H,24,25)
264.92	33.4005	4.256966667	0.154809729	354.2406242	PGF2-alpha	M-H;1-	COX	PG	LM:LMFA03010002	CCCCCC(O)C=CC1C(O)CC(O)C1CC=CCCCC(O)=O	C20H34O5	InChI=1S/C20H34O5/c1-2-3-6-9-15(21)12-13-17-16(18(22)14-19(17)23)10-7-4-5-8-11-20(24)25/h4,7,12-13,15-19,21-23H,2-3,5-6,8-11,14H2,1H3,(H,24,25)
185.0633333	23.44133333	7.139733333	0.068421333	334.2144094	PGJ2	M-H;1-	COX	PG	LM:LMFA03010019	CCCCCC(O)C=CC1C(CC=CCCCC(O)=O)C=CC1=O	C20H30O4	InChI=1S/C20H30O4/c1-2-3-6-10-17(21)13-14-18-16(12-15-19(18)22)9-7-4-5-8-11-20(23)24/h4,7,12-18,21H,2-3,5-6,8-11H2,1H3,(H,23,24)
221.815	28.0435	7.139733333	0.086071199	334.2144094	PGJ2	M-H;1-	COX	PG	LM:LMFA03010019	CCCCCC(O)C=CC1C(CC=CCCCC(O)=O)C=CC1=O	C20H30O4	InChI=1S/C20H30O4/c1-2-3-6-10-17(21)13-14-18-16(12-15-19(18)22)9-7-4-5-8-11-20(23)24/h4,7,12-18,21H,2-3,5-6,8-11H2,1H3,(H,23,24)
259.56	33.39366667	7.139733333	0.110256496	334.2144094	PGJ2	2M-H;1-	COX	PG	LM:LMFA03010019	CCCCCC(O)C=CC1C(CC=CCCCC(O)=O)C=CC1=O	C20H30O4	InChI=1S/C20H30O4/c1-2-3-6-10-17(21)13-14-18-16(12-15-19(18)22)9-7-4-5-8-11-20(23)24/h4,7,12-18,21H,2-3,5-6,8-11H2,1H3,(H,23,24)
262.8866667	33.161	7.139733333	0.104475171	334.2144094	PGJ2	M-H;1-	COX	PG	LM:LMFA03010019	CCCCCC(O)C=CC1C(CC=CCCCC(O)=O)C=CC1=O	C20H30O4	InChI=1S/C20H30O4/c1-2-3-6-10-17(21)13-14-18-16(12-15-19(18)22)9-7-4-5-8-11-20(23)24/h4,7,12-18,21H,2-3,5-6,8-11H2,1H3,(H,23,24)
263.8933333	33.96766667	7.139733333	0.145600811	334.2144094	PGJ2	2M-2H+Na;1-	COX	PG	LM:LMFA03010019	CCCCCC(O)C=CC1C(CC=CCCCC(O)=O)C=CC1=O	C20H30O4	InChI=1S/C20H30O4/c1-2-3-6-10-17(21)13-14-18-16(12-15-19(18)22)9-7-4-5-8-11-20(23)24/h4,7,12-18,21H,2-3,5-6,8-11H2,1H3,(H,23,24)
174.29	21.9825	17.3605	0.462506013	284.2715304	Stearic Acid	M-H;1-	FA	FA	LM:LMFA01010018	CCCCCCCCCCCCCCCCCC(O)=O	C18H36O2	InChI=1S/C18H36O2/c1-2-3-4-5-6-7-8-9-10-11-12-13-14-15-16-17-18(19)20/h2-17H2,1H3,(H,19,20)
171.785	21.5505	13.853425	0.219746615	276.2089301	Stearidonic Acid	M-H;1-	FA	FA	LM:LMFA01030169	CCC=CCC=CCC=CCC=CCCCCC(O)=O	C18H28O2	InChI=1S/C18H28O2/c1-2-3-4-5-6-7-8-9-10-11-12-13-14-15-16-17-18(19)20/h3-4,6-7,9-10,12-13H,2,5,8,11,14-17H2,1H3,(H,19,20)
187.33	23.4685	13.853425	0.281019884	276.2089301	Stearidonic Acid	M-H;1-	FA	FA	LM:LMFA01030169	CCC=CCC=CCC=CCC=CCCCCC(O)=O	C18H28O2	InChI=1S/C18H28O2/c1-2-3-4-5-6-7-8-9-10-11-12-13-14-15-16-17-18(19)20/h3-4,6-7,9-10,12-13H,2,5,8,11,14-17H2,1H3,(H,19,20)
187.89	23.78725	13.853425	0.076635659	276.2089301	Stearidonic Acid	M-H+CH3COONa;1-	FA	FA	LM:LMFA01030169	CCC=CCC=CCC=CCC=CCCCCC(O)=O	C18H28O2	InChI=1S/C18H28O2/c1-2-3-4-5-6-7-8-9-10-11-12-13-14-15-16-17-18(19)20/h3-4,6-7,9-10,12-13H,2,5,8,11,14-17H2,1H3,(H,19,20)
193.285	24.203	13.853425	0.01097509	276.2089301	Stearidonic Acid	M-H;1-	FA	FA	LM:LMFA01030169	CCC=CCC=CCC=CCC=CCCCCC(O)=O	C18H28O2	InChI=1S/C18H28O2/c1-2-3-4-5-6-7-8-9-10-11-12-13-14-15-16-17-18(19)20/h3-4,6-7,9-10,12-13H,2,5,8,11,14-17H2,1H3,(H,19,20)
202.38	25.59375	13.853425	0.02992045	276.2089301	Stearidonic Acid	M-H+CH3COONa;1-	FA	FA	LM:LMFA01030169	CCC=CCC=CCC=CCC=CCCCCC(O)=O	C18H28O2	InChI=1S/C18H28O2/c1-2-3-4-5-6-7-8-9-10-11-12-13-14-15-16-17-18(19)20/h3-4,6-7,9-10,12-13H,2,5,8,11,14-17H2,1H3,(H,19,20)
221.98	28.037	13.853425	0.388625224	276.2089301	Stearidonic Acid	M-H+CH3COONa;1-	FA	FA	LM:LMFA01030169	CCC=CCC=CCC=CCC=CCCCCC(O)=O	C18H28O2	InChI=1S/C18H28O2/c1-2-3-4-5-6-7-8-9-10-11-12-13-14-15-16-17-18(19)20/h3-4,6-7,9-10,12-13H,2,5,8,11,14-17H2,1H3,(H,19,20)
239.6	29.916	13.853425	0.086880885	276.2089301	Stearidonic Acid	M-H;1-	FA	FA	LM:LMFA01030169	CCC=CCC=CCC=CCC=CCCCCC(O)=O	C18H28O2	InChI=1S/C18H28O2/c1-2-3-4-5-6-7-8-9-10-11-12-13-14-15-16-17-18(19)20/h3-4,6-7,9-10,12-13H,2,5,8,11,14-17H2,1H3,(H,19,20)
241.365	30.8755	13.853425	0.093043179	276.2089301	Stearidonic Acid	2M-2H+Na;1-	FA	FA	LM:LMFA01030169	CCC=CCC=CCC=CCC=CCCCCC(O)=O	C18H28O2	InChI=1S/C18H28O2/c1-2-3-4-5-6-7-8-9-10-11-12-13-14-15-16-17-18(19)20/h3-4,6-7,9-10,12-13H,2,5,8,11,14-17H2,1H3,(H,19,20)
254.2425	31.722	13.853425	0.278852083	276.2089301	Stearidonic Acid	M-H;1-	FA	FA	LM:LMFA01030169	CCC=CCC=CCC=CCC=CCCCCC(O)=O	C18H28O2	InChI=1S/C18H28O2/c1-2-3-4-5-6-7-8-9-10-11-12-13-14-15-16-17-18(19)20/h3-4,6-7,9-10,12-13H,2,5,8,11,14-17H2,1H3,(H,19,20)
258.74	32.277	13.853425	1.382840037	276.2089301	Stearidonic Acid	M-H;1-	FA	FA	LM:LMFA01030169	CCC=CCC=CCC=CCC=CCCCCC(O)=O	C18H28O2	InChI=1S/C18H28O2/c1-2-3-4-5-6-7-8-9-10-11-12-13-14-15-16-17-18(19)20/h3-4,6-7,9-10,12-13H,2,5,8,11,14-17H2,1H3,(H,19,20)

